row_index,actual,predicted,correct,proba_High,proba_Low,proba_Medium
3500,High,High,True,0.9995143665176721,9.408049590668952e-11,0.00048563338824733377
6170,Medium,Medium,True,0.0022999163464925924,0.00432571519008377,0.9933743684634236
2112,High,Medium,False,0.32479275822026443,5.41790396571498e-05,0.6751530627400785
3000,High,High,True,0.9388303358803599,4.1588886285411293e-07,0.06116924823077719
1459,Medium,Medium,True,2.3888374729328246e-06,0.4247059795819447,0.5752916315805823
3135,High,Medium,False,0.48274124233512233,3.3590802165663364e-05,0.517225166862712
6012,Low,Low,True,1.4903093883474192e-19,0.9999972116844188,2.7883155813300563e-06
1742,Low,Low,True,6.115043692408797e-07,0.5079425259996035,0.4920568624960273
1063,High,High,True,0.9999897104926414,1.6984414415944108e-13,1.0289507188764992e-05
2833,High,Medium,False,0.4281146684698454,3.570248313247969e-05,0.5718496290470221
948,High,High,True,0.9815110684802425,5.3656495187364816e-08,0.01848887786326238
2572,High,Medium,False,0.3476460425578273,5.830985628357536e-05,0.6522956475858892
2092,Medium,Medium,True,0.008858022854273125,0.0017140789076179755,0.9894278982381088
5841,High,High,True,0.9998086781484984,1.8598648014701175e-11,0.00019132183290306354
1839,Medium,Medium,True,1.3177713842503144e-06,0.38131310785046024,0.6186855743781555
1837,Medium,Medium,True,0.03351505670190882,0.0006043972577524302,0.9658805460403388
146,High,High,True,0.9999669858154856,8.492355841304377e-13,3.301418366512572e-05
4728,High,High,True,0.9911824607529846,1.2382524959683986e-08,0.00881752686449066
6041,Medium,Medium,True,0.009240963116194417,0.0016005171971165582,0.989158519686689
1788,Low,Low,True,8.586275705828184e-09,0.9067435766606172,0.09325641475310698
6080,Low,Low,True,2.725885085638222e-20,0.9999989512069785,1.048793021474933e-06
3681,Medium,High,False,0.5552141171146471,2.1991668460489357e-05,0.44476389121689236
195,Low,Low,True,1.496213953246357e-13,0.9991514610756257,0.0008485389242246988
604,Medium,Medium,True,0.022840145628297795,0.001071898455010127,0.9760879559166921
2475,High,High,True,0.9984521493261783,1.1340323771569938e-09,0.0015478495397892658
1801,High,High,True,0.9999947304001516,3.3146870209434585e-14,5.269599815319734e-06
3930,Low,Low,True,1.7694877799211313e-13,0.9990298534211255,0.0009701465786973733
2513,Medium,Medium,True,0.00414360439805787,0.004885987331658143,0.9909704082702839
367,Medium,Medium,True,0.00392238736908383,0.002793912720156824,0.9932836999107594
2378,Low,Low,True,3.008361599226652e-08,0.8663663426042923,0.13363362731209175
4834,High,High,True,0.8054910458743062,3.3235375264960818e-06,0.1945056305881674
512,Medium,Medium,True,1.2247990946782318e-05,0.12163007752437519,0.878357674484678
2259,Low,Low,True,1.6751090464924122e-19,0.9999975070625327,2.492937467348646e-06
2813,Low,Low,True,2.477881711077232e-19,0.9999962810446252,3.7189553748486753e-06
2505,Low,Low,True,2.389058098488776e-08,0.8373380404281879,0.16266193568123108
6233,Medium,Medium,True,2.5156660620212464e-06,0.3775907061627811,0.6224067781711569
2495,High,High,True,0.8868808170841868,1.1753826635603325e-06,0.11311800753314963
1014,Medium,Medium,True,1.604002982262417e-05,0.11868409071741165,0.8812998692527657
2705,Medium,Medium,True,2.9163007967708194e-05,0.1077293558103765,0.8922414811816558
6439,High,High,True,0.9935815927629551,8.606433058062744e-09,0.006418398630611808
1588,Medium,Medium,True,7.050520952544837e-06,0.2177248079833597,0.7822681414956877
5267,High,High,True,0.8045241048146229,4.515812023830267e-06,0.19547137937335324
5549,High,High,True,0.9982322087113928,8.740901741701877e-10,0.0017677904145167813
189,High,High,True,0.9158000413650551,5.690682434653038e-07,0.08419938956670131
4315,High,High,True,0.999999717375112,2.6836037834030264e-16,2.8262488786983663e-07
15,High,High,True,0.7274356117673071,5.3113137009268535e-06,0.272559076918992
1814,High,High,True,0.548767747920237,1.9336262388111292e-05,0.45121291581737494
2735,Low,Low,True,2.528085960426584e-07,0.6830771454432613,0.31692260174814274
1005,High,High,True,0.9910681839435616,2.4237534173331858e-08,0.008931791818904388
5427,Medium,Medium,True,4.03096461147744e-06,0.3264519093602922,0.6735440596750963
4210,Medium,Medium,True,3.437358613600028e-05,0.08169444660775818,0.9182711798061058
178,Medium,Medium,True,0.00031335792205214406,0.012411447148559868,0.9872751949293879
5571,Low,Low,True,3.2522624644262717e-12,0.9955519508208287,0.004448049175919101
4366,Medium,Medium,True,1.0968427974500652e-05,0.21225882336218857,0.787730208209837
5394,High,High,True,0.9988466770348065,6.156521381344314e-10,0.0011533223495414178
5152,Medium,Medium,True,3.4695991303290577e-06,0.3325950869681708,0.6674014434326989
3080,High,High,True,0.8252280222511937,3.355111336811254e-06,0.17476862263746942
2620,Low,Low,True,7.517180933265335e-12,0.994324297004173,0.005675702988309831
5959,High,High,True,0.9921285662226802,1.153540116539648e-08,0.0078714222419187
1130,Medium,Medium,True,8.722588037680963e-05,0.058951013044867606,0.9409617610747556
1611,High,High,True,0.9369427258839383,5.813972954776546e-07,0.06305669271876627
406,High,High,True,0.997492103479741,1.5111994666623912e-09,0.0025078950090593713
174,Medium,Medium,True,2.9439338748336805e-06,0.36123103250511335,0.6387660235610119
2847,Medium,Medium,True,0.3713246582736926,6.0848700791909363e-05,0.6286144930255155
5239,Medium,Medium,True,0.00010608004466063947,0.029267272403317335,0.970626647552022
5452,High,High,True,0.9998114344225413,2.2770410051589226e-11,0.00018856555468829838
1664,Medium,Medium,True,0.0037107382152873182,0.0023164417411756172,0.9939728200435372
1537,Medium,Medium,True,0.00013654476744839013,0.060380306402517396,0.9394831488300341
2387,Low,Low,True,4.985021034308916e-12,0.9962418787703777,0.0037581212246372187
4989,High,High,True,0.9999999971684594,1.0781627720912371e-19,2.8315405823101728e-09
4799,Low,Low,True,1.1937248941486881e-17,0.9999848473587972,1.5152641202861348e-05
3082,High,High,True,0.9999305589022167,3.2318323755642964e-12,6.944109455138925e-05
6466,Medium,Medium,True,0.00017775102866752392,0.023736902401218316,0.9760853465701141
403,Medium,Medium,True,8.498362416593485e-05,0.054776777180728556,0.9451382391951055
2412,Medium,Medium,True,0.0001091478493823828,0.04980158279086901,0.9500892693597487
876,Medium,Medium,True,0.03341068070355839,0.0004562603055186069,0.966133058990923
3041,Medium,Medium,True,8.85471074845268e-06,0.2694860937663158,0.7305050515229357
365,Low,Low,True,1.945029956048819e-11,0.9949307392330575,0.005069260747492246
4032,High,High,True,0.9999999926190719,4.185657189311534e-19,7.380927956453108e-09
2079,Medium,Medium,True,0.00016725878626881182,0.036529618135670655,0.9633031230780604
3959,Medium,Medium,True,0.0015390412447284655,0.009656967762949189,0.9888039909923224
6263,Low,Low,True,1.3830373590557777e-08,0.8842307237919367,0.1157692623776898
3423,High,High,True,0.9926168570987717,1.471669382328621e-08,0.007383128184534636
1901,Medium,Medium,True,6.208095333599161e-05,0.05802408505760599,0.941913833989058
1357,High,High,True,0.7772446392185667,5.312095920860845e-06,0.22275004868551254
3162,Medium,Medium,True,0.0357176734604472,0.0009230190898549614,0.9633593074496979
2523,Low,Low,True,2.044571005869121e-09,0.9551950032610008,0.04480499469442828
1066,Medium,Medium,True,0.20440601225283866,0.00016626533181264864,0.7954277224153486
582,Medium,Medium,True,0.0012830571410685934,0.007233653488357706,0.9914832893705736
5671,High,Medium,False,0.3447281691542227,4.4996312223102374e-05,0.6552268345335541
3942,High,High,True,0.5167242721593536,2.7060848385119055e-05,0.4832486669922612
6322,Medium,Medium,True,0.012881009878757354,0.002365486159458158,0.9847535039617844
4205,Medium,Medium,True,1.4442792261299083e-05,0.1616714128943507,0.838314144313388
1662,Medium,Medium,True,0.05630674686846718,0.0004447846153416621,0.9432484685161912
5973,Low,Low,True,8.257009234958778e-08,0.7951541235967419,0.20484579383316573
1166,Low,Low,True,3.2712496181027916e-07,0.6622932159624426,0.33770645691259554
3201,Low,Low,True,9.942700070451883e-08,0.760280231234772,0.2397196693382273
2918,Medium,Medium,True,0.08212330804682638,0.0003265447211492286,0.9175501472320244
6556,Low,Low,True,1.958361507502158e-07,0.6784842597253122,0.3215155444385369
5605,Medium,Medium,True,0.0011416177322292234,0.011339126880669624,0.9875192553871011
3299,Medium,Medium,True,0.33070617005624026,5.771038892950988e-05,0.6692361195548303
5547,Medium,Medium,True,0.00410036770115034,0.0033833181736912985,0.9925163141251584
4872,Medium,Medium,True,3.0996725841389695e-06,0.34348611992408373,0.656510780403332
6048,Medium,Medium,True,0.006028674045900916,0.00219046590930376,0.9917808600447953
2675,High,High,True,0.9910320191104055,1.0900613063297042e-08,0.008967969988981375
5216,Medium,Medium,True,7.607811326998009e-05,0.046854581644176115,0.953069340242554
2489,Low,Low,True,5.191666208222325e-09,0.920803766259052,0.07919622854928163
4723,Medium,Low,False,3.845998961971155e-07,0.608667453956676,0.39133216144342775
5101,High,Medium,False,0.4387662854016434,2.4819115138212523e-05,0.5612088954832183
3314,Medium,Medium,True,3.2218022187579657e-06,0.39706534779600045,0.6029314304017808
2411,High,High,True,0.9999999844004486,1.576065051879732e-18,1.5599551351712763e-08
2586,Medium,Medium,True,2.6082060113459623e-06,0.43974316338804414,0.5602542284059446
6026,High,High,True,0.9926469696187461,2.4608194030987933e-08,0.007353005773059794
4051,Low,Low,True,5.478496501726198e-15,0.9998055073460613,0.00019449265393302673
4016,Medium,Medium,True,0.00014872684247565967,0.033708740532274656,0.9661425326252497
2616,Low,Low,True,6.40831544991433e-09,0.8962800647459622,0.10371992884572236
4984,Low,Low,True,5.241456187294266e-07,0.5960336673698661,0.40396580848451524
1557,Low,Low,True,5.367099767274025e-10,0.9692917018847618,0.030708297578528262
4084,Medium,Medium,True,0.006224516606554607,0.002777800111620174,0.9909976832818252
4759,High,High,True,0.9918167612542937,1.635248028025533e-08,0.008183222393225961
3777,High,High,True,0.8739247927952053,2.3654191712386397e-06,0.12607284178562359
181,Medium,Medium,True,0.0490001805066231,0.0005070602141388971,0.9504927592792379
5971,Low,Medium,False,1.5760163795008733e-06,0.41764418254642954,0.582354241437191
4161,Medium,Medium,True,0.002791268258757189,0.004317500423142056,0.9928912313181008
5931,Medium,Medium,True,0.003651740943097744,0.004336546003339204,0.9920117130535632
5919,Medium,Medium,True,0.0006010674943332517,0.010162140447496455,0.9892367920581703
4947,Medium,Medium,True,4.672394077610014e-06,0.25339687742178146,0.7465984501841408
1264,Medium,Medium,True,0.0003202957810190377,0.026668312762382164,0.9730113914565988
2282,High,High,True,0.9826933967196512,4.004483380487258e-08,0.017306563235514924
5650,Medium,High,False,0.5744669895804752,1.69164962156865e-05,0.42551609392330925
6513,Low,Low,True,1.406734712040902e-10,0.976123482784331,0.02387651707499548
2750,Low,Low,True,6.092854497884448e-17,0.9999632617797926,3.673822020737436e-05
2669,Low,Low,True,1.7546523577108829e-07,0.6973512189530082,0.3026486055817561
3113,Medium,Medium,True,1.2528727862820835e-05,0.1765454941474721,0.823441977124665
578,Medium,Medium,True,0.014644601943110723,0.0016512643776959962,0.9837041336791932
6312,Low,Low,True,1.5528000108102792e-11,0.9929636206296288,0.007036379354843319
2487,Medium,Medium,True,0.10540202818023246,0.00016844967582408963,0.8944295221439434
4384,Medium,Medium,True,3.794059304603639e-06,0.329872864418428,0.6701233415222674
2297,Low,Low,True,9.674840150722164e-16,0.9998966110278225,0.00010338897217652383
165,Medium,Medium,True,0.0018165265128848218,0.0077002389543306396,0.9904832345327845
2860,Low,Low,True,1.6623982463520196e-10,0.985884689202622,0.014115310631138026
1847,Low,Low,True,2.0954273331364426e-20,0.999998373128,1.6268720000978326e-06
3478,Medium,Medium,True,2.4247657336134824e-05,0.16748172905046854,0.8324940232921952
6245,Medium,Medium,True,0.04861972258059092,0.0005169091512172968,0.9508633682681917
4674,Low,Low,True,3.2337468177100895e-08,0.8422972812117078,0.15770268645082391
107,Low,Low,True,1.9153787729752334e-08,0.8818867758130227,0.11811320503318949
726,Low,Low,True,1.814979448514734e-07,0.6840957011967036,0.3159041173053516
1498,High,High,True,0.9758913642391924,7.79364521015071e-08,0.024108557824355524
2985,Low,Low,True,2.275297431107657e-12,0.9967497115548956,0.0032502884428293787
3995,Medium,Medium,True,0.00015171836336611645,0.018657551897563702,0.9811907297390701
2437,Medium,Medium,True,0.0018285468687972665,0.008330684995719227,0.9898407681354835
705,Low,Low,True,1.7824198765076443e-08,0.8899683016473761,0.11003168052842516
2832,Low,Low,True,8.121311719256729e-09,0.8853832577732575,0.11461673410543077
5220,Low,Low,True,6.395475394096094e-10,0.9625301725066521,0.037469826853800396
1928,Low,Low,True,6.058478266121902e-11,0.9879047532265767,0.012095246712838714
278,Medium,Medium,True,0.4246902413292796,4.264353327956135e-05,0.5752671151374408
5913,High,High,True,0.9046635277291624,1.2164862058641766e-06,0.09533525578463176
507,High,High,True,0.9928066090191009,9.887946593963946e-09,0.00719338109295261
56,Medium,Medium,True,0.1814209442611306,0.00033822748449706397,0.8182408282543724
826,Low,Low,True,4.237779599025662e-09,0.9213850041172766,0.07861499164494361
3517,Medium,Medium,True,1.2693958462117244e-06,0.47480378951234886,0.5251949410918049
4136,Medium,Medium,True,0.0016620496082112469,0.00484151496686345,0.9934964354249253
269,Medium,Medium,True,0.0003586584864211248,0.023347087248964418,0.9762942542646146
1324,Low,Low,True,1.6150529053380242e-07,0.6876899597620556,0.3123098787326538
5844,Low,Low,True,2.0288469091097027e-10,0.9850828702673333,0.014917129529781924
1241,Medium,Medium,True,0.0007204914177372476,0.010696384309333248,0.9885831242729295
2207,High,High,True,0.9403231711762556,3.153637705651562e-07,0.05967651345997387
481,High,High,True,0.9999888289921481,1.414787125181981e-13,1.1171007710442814e-05
3905,Low,Low,True,3.9856963713865423e-16,0.9999085028852699,9.149711472957798e-05
4953,Medium,Medium,True,0.00017056113466126088,0.024824648634102848,0.9750047902312359
734,Medium,Medium,True,0.00419422720865427,0.003768669916865521,0.9920371028744802
2133,Medium,Medium,True,0.0027586875744789238,0.0038192698814716675,0.9934220425440494
3711,Low,Low,True,4.0018576346111176e-14,0.999407898881744,0.0005921011182160287
139,Medium,Medium,True,0.023606387875815725,0.0012177196408481314,0.975175892483336
3134,Medium,Medium,True,0.0011137947402161503,0.00676711688425852,0.9921190883755253
5075,High,High,True,0.9963089856489802,5.353093385034579e-09,0.0036910089979262923
486,Medium,Medium,True,0.02411416207520375,0.0006227544533930463,0.9752630834714032
6162,Medium,Medium,True,0.0007504449168264884,0.02049027886700565,0.9787592762161679
6376,Low,Low,True,2.173599667814647e-11,0.9932674298545595,0.006732570123704454
1487,High,High,True,0.9865496417515338,2.1044647251741508e-08,0.013450337203818922
3841,Medium,Medium,True,0.0071751141036208365,0.001695296586352564,0.9911295893100266
4260,Medium,Medium,True,0.014773736322579806,0.001064199193350966,0.9841620644840692
4995,Low,Low,True,7.368462259366564e-15,0.9996451398263964,0.00035486017359645874
3736,Low,Low,True,3.800743012191638e-09,0.9147225596248312,0.08527743657442582
3913,Medium,Medium,True,1.593734434028901e-05,0.20220194657758345,0.7977821160780761
2801,Medium,Medium,True,0.004653845862427018,0.0024234392303729628,0.9929227149072001
3315,Low,Low,True,3.86712836162669e-11,0.9903430221965894,0.009656977764739368
399,Low,Low,True,2.350387501289588e-09,0.9453093346212879,0.05469066302832461
771,Medium,Medium,True,0.004081468840101212,0.003369501041207964,0.9925490301186909
6236,High,High,True,0.9989376737164304,3.3586977111154634e-10,0.0010623259476997904
4399,Medium,Medium,True,0.010444919107157835,0.0015746937184481016,0.9879803871743942
5771,Medium,Medium,True,1.228552219933211e-05,0.16672762616614023,0.8332600883116604
4727,Low,Low,True,1.0665820602658745e-25,0.9999999935552475,6.4447525328217215e-09
5331,High,High,True,0.8493055746281675,3.0169584336557763e-06,0.15069140841339887
2359,Medium,Medium,True,0.002620851921959981,0.006415894829382946,0.9909632532486572
1123,Medium,Medium,True,0.0025203365521791325,0.0031435586218289875,0.9943361048259919
2628,Low,Low,True,4.8670282804989265e-08,0.8100917558788014,0.18990819545091592
2072,Low,Low,True,4.2614670758757114e-11,0.9924487256046313,0.00755127435275408
2295,Medium,Medium,True,0.0003386136593071167,0.030870062258891284,0.9687913240818015
6128,High,High,True,0.9999565630356417,1.5842937696313679e-12,4.343696277400847e-05
2928,Low,Low,True,9.83425213732469e-14,0.9993461466855506,0.0006538533143511965
2913,High,High,True,0.9999948207442332,3.9049420223882807e-14,5.179255727819114e-06
4512,Low,Low,True,1.0559869702638478e-07,0.7607701713778301,0.23922972302347287
651,Medium,Medium,True,1.8684074153119835e-06,0.49367608877047364,0.506322042822111
1327,Medium,Medium,True,0.0009360879402364282,0.016852622685846204,0.9822112893739174
501,Low,Low,True,7.588103555717265e-20,0.999998362090252,1.6379097479782004e-06
3257,High,High,True,0.6313476361418412,1.2919462724645263e-05,0.36863944439543417
5282,Medium,Medium,True,0.003536521102596569,0.004677799759301979,0.9917856791381015
3538,Medium,Medium,True,0.2492898718138965,0.00010127956289961904,0.7506088486232039
1876,Medium,Medium,True,0.0009204799738122684,0.01281394531800669,0.9862655747081811
6349,Low,Low,True,1.2820669389166933e-22,0.999999873082024,1.2691797593700766e-07
4652,Low,Low,True,1.1411735850016594e-09,0.9651729477534029,0.03482705110542348
5792,Medium,Medium,True,0.23201308147887073,8.111355475091299e-05,0.7679058049663784
3758,Medium,Medium,True,0.004687582843747789,0.0026671072767604,0.9926453098794917
3521,High,High,True,0.8557983254724842,1.5561550747046826e-06,0.1442001183724411
317,High,High,True,0.9717642929385617,1.0569704751644985e-07,0.028235601364390694
2268,Medium,Medium,True,2.8438668106388055e-05,0.12816477479611038,0.8718067865357833
1109,Low,Medium,False,0.00978371746319996,0.0009999741785065004,0.9892163083582936
6570,High,High,True,0.6336732503198678,1.4058063279851267e-05,0.3663126916168525
6200,Medium,Medium,True,0.041130560295487895,0.0008404800171304561,0.9580289596873817
662,High,High,True,0.9309772445554338,5.271966717703415e-07,0.06902222824789435
5795,Low,Low,True,1.032517250985327e-10,0.9883989280067106,0.011601071890037718
522,Low,Low,True,5.309023376459647e-10,0.9733952777776194,0.026604721691478414
3506,Low,Low,True,1.3318163669843497e-09,0.966151561341517,0.033848437326666585
3554,Low,Low,True,2.6179604340258872e-12,0.9972416300513937,0.00275836994598823
5388,Medium,Medium,True,0.030522454313193698,0.000841417802875663,0.9686361278839307
6527,Low,Low,True,3.720133756028032e-07,0.7243271475690273,0.2756724804175972
2350,Low,Low,True,3.0242818920600464e-10,0.9735177010379673,0.026482298659604584
1827,High,High,True,0.7336670650279385,1.0200057991720698e-05,0.2663227349140696
5685,Low,Low,True,1.5594642471136492e-15,0.999811596510419,0.00018840348957954432
5241,Medium,Medium,True,0.00869201306467799,0.0017689476236048421,0.9895390393117172
2824,Low,Low,True,2.8900333779300442e-11,0.9898173950723227,0.010182604898777146
5954,High,High,True,0.5598708512902197,1.494752137655063e-05,0.44011420118840366
2645,Medium,Medium,True,9.547952194389688e-06,0.16216691792351298,0.8378235341242926
4124,Medium,Medium,True,0.0002794864345959356,0.019070930207220418,0.9806495833581838
5654,High,High,True,0.9999506580421381,2.5718094626424546e-12,4.934195529010155e-05
2290,Low,Low,True,2.3195050187231607e-10,0.9778394703686147,0.02216052939943474
144,Medium,Medium,True,0.10491873901363043,0.00029025120927314905,0.8947910097770964
4697,Low,Low,True,2.206488182257107e-09,0.9590250378382592,0.0409749599552527
533,Medium,Medium,True,0.03884095968563662,0.0007685644912927565,0.9603904758230706
4490,Medium,Medium,True,0.00013910870320705488,0.041449574190883805,0.9584113171059092
446,Medium,Medium,True,2.9392963569169812e-06,0.27683135426622846,0.7231657064374146
6331,High,High,True,0.9999995405111792,6.01549056454803e-16,4.594888201249829e-07
2300,High,High,True,0.9999866112838374,1.2911346006897143e-13,1.3388716033684694e-05
941,Low,Low,True,6.116426645312677e-14,0.9994006635867516,0.0005993364131870263
922,Low,Low,True,4.189381693679901e-10,0.9748526871781026,0.02514731240295927
5614,High,High,True,0.808424097035689,3.197830533619425e-06,0.1915727051337773
2220,Medium,Medium,True,0.00018804188116737386,0.019735363999241168,0.9800765941195915
5363,High,High,True,0.8360547173697834,2.1453632262513236e-06,0.16394313726699045
3339,Medium,Medium,True,2.7237451278403695e-06,0.43507730426271884,0.5649199719921534
3912,Medium,Medium,True,0.3069509404343777,0.00011578953918765604,0.6929332700264346
2162,Low,Low,True,7.60679192383746e-16,0.9999188497799895,8.115022000987705e-05
1058,Medium,Medium,True,9.64480990993524e-06,0.16735493118166586,0.8326354240084243
3791,Medium,Medium,True,0.005440663303822112,0.0022415616988238404,0.9923177749973541
3011,Low,Low,True,1.272091935656761e-09,0.9642688624422311,0.035731136285676764
1411,Medium,Medium,True,0.48632970452729113,2.69537979080542e-05,0.5136433416748007
5226,Medium,Medium,True,0.00025073303611332647,0.015904823448421476,0.9838444435154652
3131,High,High,True,0.9999944628924067,4.501881116190789e-14,5.537107548187784e-06
2722,Low,Low,True,2.1149032650111426e-07,0.7411613429486281,0.2588384455610453
3062,Medium,Medium,True,0.08355575819298695,0.00026014105544659613,0.9161841007515665
4004,Medium,Medium,True,0.18084159498394523,0.0001394472191612632,0.8190189577968936
3336,Low,Low,True,1.6072829242302483e-14,0.9996448028139462,0.0003551971860378575
5796,Low,Low,True,2.4177980483100066e-15,0.9998057864182576,0.0001942135817398974
3751,Low,Low,True,3.8073362457923264e-11,0.98804946938557,0.011950530576356689
6084,Medium,Medium,True,0.12021557830549343,0.00024311138578573862,0.8795413103087208
4,Low,Low,True,1.0628133812006228e-11,0.9946365581925495,0.005363441796822433
2423,Medium,Medium,True,3.451218620247314e-06,0.339842625883357,0.6601539228980229
6229,Low,Low,True,1.1180081849965635e-10,0.9839394675927663,0.016060532295432833
5311,Medium,Medium,True,0.00781329823055052,0.0033101731553174933,0.9888765286141321
587,Medium,Medium,True,0.0013502132808648822,0.010967374310881127,0.9876824124082539
5257,Low,Low,True,5.5729367457932e-07,0.5881729950162055,0.41182644769012006
5638,High,High,True,0.9999936536738835,5.314204045008087e-14,6.346326063406569e-06
5025,High,High,True,0.9999998977842854,2.8093696746770134e-17,1.0221571445607076e-07
3466,Medium,Medium,True,0.05927713749499794,0.0005744408649889453,0.9401484216400131
6072,Medium,Medium,True,0.029794073366068624,0.0004410711094297679,0.9697648555245016
1887,High,High,True,0.9805328433409526,6.820779115071315e-08,0.019467088451256272
3174,Medium,Medium,True,0.028410468778747183,0.0006913566898958325,0.970898174531357
3541,Medium,Medium,True,0.4209350468715974,5.6092019607749355e-05,0.5790088611087949
3600,Medium,Medium,True,0.4544268915171466,5.334752337154272e-05,0.5455197609594818
675,Medium,Medium,True,0.39054890461739833,6.616571661071744e-05,0.6093849296659909
440,Medium,Medium,True,0.010294436161046427,0.001602045551385162,0.9881035182875685
4764,High,High,True,0.9998809951843783,8.9387798565366e-12,0.00011900480668303007
3596,Medium,Medium,True,0.01905753181368692,0.0007151336643338298,0.9802273345219793
2045,High,High,True,0.9589205422080649,1.5315758519088052e-07,0.041079304634349764
1879,Medium,Medium,True,9.704852601213581e-05,0.06667710275509854,0.9332258487188894
2196,Low,Low,True,2.3915009053012695e-11,0.993299529241568,0.006700470734517118
846,High,High,True,0.7550992110371815,6.817624316799906e-06,0.2448939713385017
2187,Medium,High,False,0.7902570052834141,3.6695767458142564e-06,0.20973932513983987
5014,Medium,Medium,True,0.006124452975196366,0.0018278499595809725,0.9920476970652227
1731,Low,Low,True,4.998307110159976e-10,0.9696965602174441,0.030303439282725272
4813,Low,Low,True,8.991807073985995e-08,0.7688849533547403,0.23111495672718899
2235,Low,Low,True,6.013057037413213e-09,0.9144376206274367,0.08556237335950628
1877,High,High,True,0.9966722215933578,2.5644627115302067e-09,0.003327775842179605
5073,Low,Low,True,1.7713970867977183e-08,0.8807152898948004,0.11928469239122873
1314,Medium,Medium,True,3.115032902923334e-05,0.07814381399444507,0.9218250356765257
3656,Medium,Medium,True,0.0034293984348580733,0.004419062304661461,0.9921515392604805
4454,Medium,Medium,True,1.2853837062438138e-05,0.1503104623509678,0.8496766838119697
3293,Low,Low,True,1.0673181878302654e-11,0.9935734101658471,0.00642658982347958
5861,Medium,Medium,True,2.1556760001858184e-06,0.35339675490749306,0.6466010894165067
4240,Medium,Medium,True,0.33973302057452986,4.503247610382913e-05,0.6602219469493663
3667,High,High,True,0.9433469107531253,5.226754385492235e-07,0.05665256657143619
5991,High,High,True,0.5106516003052307,2.6129116070473677e-05,0.48932227057869887
5059,Low,Low,True,2.191667568281692e-11,0.9934273342377434,0.006572665740339986
5269,Low,Low,True,1.0429954164698442e-12,0.9974738889282644,0.0025261110706926554
4940,High,High,True,0.8899942527408699,1.7024146875191878e-06,0.11000404484444265
5035,Low,Low,True,1.1154964868026375e-12,0.9977324811036681,0.0022675188952163854
852,Medium,Medium,True,0.009776928170592192,0.0016636965134766049,0.9885593753159312
540,Medium,Medium,True,0.00012728164694364373,0.037054573273561126,0.9628181450794953
1931,Medium,Medium,True,3.720697074621436e-05,0.12871587526973965,0.8712469177595142
1803,Medium,Medium,True,0.3421982477516702,6.075754143016125e-05,0.6577409947068997
1307,Low,Low,True,3.688593298096638e-15,0.9998025796898364,0.00019742031015980497
3414,High,High,True,0.9995683675487723,5.658989866358968e-11,0.00043163239463790904
455,Medium,Medium,True,2.9700068363734803e-06,0.3693816925891309,0.6306153374040327
2558,Low,Low,True,2.780504969569039e-14,0.9995320157079458,0.0004679842920265666
469,Low,Low,True,1.8417843750389862e-07,0.7193371320843375,0.280662683737225
4313,High,High,True,0.999791883333763,3.0493790103796723e-11,0.00020811663574316533
5998,High,High,True,0.9473019160123879,4.579639890725245e-07,0.052697626023622865
3613,Medium,Medium,True,2.807719176610526e-06,0.39412602422278076,0.6058711680580425
3037,High,High,True,0.9999942294312488,4.257637611508106e-14,5.770568708679517e-06
1566,Low,Low,True,1.2967779033370934e-07,0.7660864624494961,0.23391340787271356
5177,Low,Low,True,2.2285079520896917e-14,0.9995748395140553,0.0004251604859223774
707,Medium,Medium,True,0.0017551840229401811,0.007488078603639783,0.9907567373734201
2591,Low,Low,True,4.761768202477935e-08,0.8313089087764773,0.16869104360584058
4416,High,High,True,0.9953512206412948,4.282990676738158e-09,0.0046487750757144754
3768,High,High,True,0.9948519504939176,4.8547577315285805e-09,0.0051480446513245985
355,Medium,Medium,True,0.0008043064771472945,0.01024419915205202,0.9889514943708005
5033,Low,Low,True,1.133469493922772e-18,0.9999941890942285,5.810905771506878e-06
1569,Low,Low,True,9.561649478377104e-12,0.9951575617142038,0.004842438276234713
249,Low,Medium,False,1.3483315489371365e-06,0.4448371336937034,0.5551615179747477
6133,High,High,True,0.9716369338279524,9.785743865225595e-08,0.028362968314608862
6126,Low,Low,True,7.80944236649327e-15,0.9997747509087256,0.00022524909126663727
1337,Medium,Medium,True,0.31700657293715084,6.803304263669195e-05,0.6829253940202125
2729,Low,Low,True,1.0343385677181207e-18,0.9999944854598115,5.5145401884100935e-06
2190,Low,Low,True,1.5073308072867058e-17,0.9999810714714653,1.8928528534569886e-05
312,Medium,Medium,True,0.00026766677662938115,0.021800243920227846,0.9779320893031427
5418,High,High,True,0.9991606716467308,2.826769603744093e-10,0.0008393280705923041
5999,High,High,True,0.9999999994494522,3.94638452035597e-21,5.505478382905497e-10
5631,Medium,Medium,True,0.001285561018774394,0.005525058205053011,0.9931893807761726
643,Medium,Medium,True,0.020942410669389306,0.001383548531518967,0.9776740407990916
3956,Low,Low,True,2.8161640061266924e-12,0.9974827426985854,0.002517257298598306
3857,Medium,Medium,True,0.031229978380553188,0.0009174779935420516,0.9678525436259049
5200,Medium,Medium,True,2.669568151669978e-06,0.41119376147981285,0.5888035689520356
5693,Medium,Medium,True,0.0012611732347147296,0.006079222479686133,0.9926596042855991
1102,Low,Low,True,1.738562213605738e-10,0.9754437608271778,0.02455623899896593
5870,Low,Low,True,9.137963383000805e-13,0.99866389616937,0.0013361038297162158
4967,Medium,Medium,True,1.688359229075786e-06,0.4384515036476798,0.5615468079930911
935,Low,Low,True,4.086500267075952e-14,0.9994489866412903,0.0005510133586688125
837,Low,Low,True,1.378946787804557e-09,0.9619281715251364,0.03807182709591673
5083,Medium,Medium,True,0.004217325416920245,0.00457097171063615,0.9912117028724436
3833,Medium,Medium,True,5.684401568970127e-05,0.11116963202423052,0.8887735239600798
4976,Low,Low,True,3.0965342410679014e-12,0.9968668450864112,0.0031331549104922566
1756,Medium,Medium,True,2.2867552578058526e-05,0.1232168545172015,0.8767602779302204
5486,Medium,Medium,True,8.254150413240506e-05,0.058043576363771866,0.9418738821320957
4030,High,High,True,0.9987050744809336,6.419643657914708e-10,0.0012949248771020549
4523,Low,Low,True,8.378909073460669e-17,0.999967574117583,3.242588241699148e-05
3895,Low,Low,True,7.98123874583316e-14,0.9993157191247358,0.0006842808751841578
1017,Medium,Medium,True,0.026018252071788102,0.0006891496445412125,0.9732925982836707
290,Medium,Medium,True,0.11923703437762447,0.00018466708563301382,0.8805782985367425
5365,Medium,Medium,True,2.6800325459678218e-05,0.086959482627477,0.9130137170470634
2665,Medium,Medium,True,0.00020298481573667007,0.03666168086032764,0.9631353343239358
5049,Medium,Medium,True,0.0024120267720725104,0.004595729356691331,0.9929922438712361
4423,High,High,True,0.9988697804762857,2.442087713899379e-10,0.001130219279505569
3239,Low,Low,True,5.5129322413749915e-15,0.9998275835122069,0.00017241648778752163
4651,Low,Low,True,2.7455602605747106e-07,0.6919188665343712,0.30808085890960285
1075,Low,Low,True,4.467819618549532e-10,0.9726111309852787,0.02738886856793926
6020,Low,Low,True,2.67488101338224e-13,0.9989222628235607,0.0010777371761719094
1516,Low,Low,True,3.84505206887351e-11,0.9924875665863258,0.007512433375223924
4898,Medium,Medium,True,0.26233261581808653,0.00010014898863782477,0.7375672351932757
4577,Medium,Medium,True,8.290722097500244e-05,0.05830547540715242,0.9416116173718726
305,Medium,Medium,True,0.0003219455448883603,0.03473230684296633,0.9649457476121452
4691,Low,Low,True,3.182054745346025e-07,0.64817556280137,0.35182411899315547
5862,High,High,True,0.7555073505540701,6.360131605388316e-06,0.24448628931432448
4236,Low,Low,True,7.420652436664297e-23,0.9999998947394542,1.0526054590065942e-07
5583,Low,Low,True,1.6917010543775917e-20,0.9999990832209176,9.167790824755333e-07
2633,Low,Low,True,1.0118897964197088e-09,0.9539680609018998,0.04603193808621049
5961,High,High,True,0.7044822295512196,9.846541489927284e-06,0.2955079239072903
6018,Low,Low,True,1.0569469596584315e-10,0.9852853158616687,0.014714684032636736
2183,Medium,Medium,True,0.0003354787824177603,0.03273988140390295,0.9669246398136792
3177,Medium,Medium,True,1.1184938615034927e-05,0.20201869898657354,0.7979701160748114
5752,High,Medium,False,0.47770133082947003,2.09423908187463e-05,0.5222777267797113
1920,Low,Low,True,9.335557627054607e-08,0.7943700453187443,0.20562986132567931
6538,Medium,Medium,True,0.0385350479547443,0.00035881931750388307,0.9611061327277518
3199,Medium,Medium,True,0.002961567563907185,0.006134325278160838,0.990904107157932
5333,Low,Low,True,9.370534143787662e-12,0.9940411428282756,0.005958857162353893
3855,High,High,True,0.9999976202511527,6.67878543691836e-15,2.3797488406698713e-06
378,Low,Low,True,1.847444972909346e-15,0.999843432889925,0.00015656711007322712
5335,Low,Low,True,7.650834023579026e-12,0.9959924846256786,0.004007515366670596
3274,Medium,Medium,True,5.3391664862706574e-05,0.07351617615250833,0.926430432182629
4353,Low,Low,True,4.308549200405881e-20,0.9999984755059217,1.5244940783711627e-06
955,Low,Low,True,6.683276564431821e-11,0.9893223000129974,0.010677699920169667
3861,Low,Low,True,1.5846715670523491e-15,0.9998912542971158,0.00010874570288264463
4409,Medium,Medium,True,0.28207895997671634,0.00010053005044610834,0.7178205099728375
1864,High,High,True,0.9999999849999499,1.3748499812054658e-18,1.5000050163491895e-08
5958,Low,Low,True,1.1464101018319046e-09,0.9709460020556097,0.02905399679798021
3329,High,High,True,0.9462768375715441,3.265283168536453e-07,0.05372283590013906
4055,Low,Low,True,2.3730705157592706e-09,0.9550289994994884,0.04497099812744095
2509,Medium,Medium,True,0.00393690702935395,0.00570527237078982,0.9903578205998563
5574,Medium,Medium,True,0.006735175368533706,0.002185177945646036,0.9910796466858204
718,High,High,True,0.9999962602387172,2.5395198339599026e-14,3.7397612573570635e-06
4694,High,High,True,0.9852347200783252,1.8258379376687925e-08,0.014765261663295467
966,Medium,Medium,True,0.0003833402341790652,0.03437458835040129,0.9652420714154196
4774,Medium,Medium,True,0.036926910977484025,0.0007242308468924599,0.9623488581756235
5443,Medium,Medium,True,1.5852165410221266e-05,0.18551193587677792,0.8144722119578118
5669,Low,Low,True,1.127905086493172e-14,0.999636938360071,0.0003630616399176862
6440,Low,Low,True,6.044919530794848e-07,0.5557079603191188,0.4442914351889282
2408,High,High,True,0.8744279348683212,1.4817119641039897e-06,0.1255705834197148
1032,Medium,Medium,True,2.9665670195901977e-05,0.11173660233617184,0.8882337319936322
3585,Medium,Medium,True,0.08000236954417239,0.00034865004575479773,0.9196489804100727
3364,Low,Low,True,3.036961194013032e-12,0.9968672222628897,0.0031327777340735196
4565,Low,Low,True,1.0776805952711588e-16,0.99995709133988,4.2908660120119804e-05
6464,Low,Low,True,9.651548536087049e-07,0.5446977038950658,0.45530133095008063
4684,Low,Low,True,1.709946516310799e-10,0.9838700520948008,0.016129947734204484
6462,Medium,Medium,True,0.002705922784686134,0.005124256252394416,0.9921698209629194
3651,Medium,Medium,True,3.606013875376359e-06,0.3858212939280724,0.6141751000580523
245,Medium,Medium,True,9.984147309800284e-05,0.05231488540540238,0.9475852731214996
4999,High,High,True,0.9982762938454841,1.2797289941324154e-09,0.0017237048747867612
4631,Medium,Medium,True,1.6402480677075417e-05,0.15610508135035783,0.8438785161689651
2588,Low,Low,True,2.7264889881970542e-12,0.9966034127003771,0.003396587296896384
1538,Medium,Medium,True,0.008560580342862383,0.0019262947937670914,0.9895131248633706
2564,Medium,Medium,True,0.030305351808687257,0.0010550399200348565,0.9686396082712779
5528,Medium,Medium,True,0.0009192513139917969,0.015024745175853019,0.9840560035101551
3935,Low,Low,True,4.4035219175778803e-10,0.9629642777506456,0.0370357218090021
3024,Medium,Medium,True,0.001275404752408404,0.010076164296109387,0.9886484309514821
6496,Medium,Medium,True,0.11372548354332428,0.00018598502704129775,0.8860885314296345
4137,Low,Low,True,7.026668634390703e-13,0.998434873399103,0.0015651266001944666
5186,Medium,High,False,0.5813954912859176,1.7249743881231106e-05,0.4185872589702011
5288,Medium,Medium,True,0.00011371009898442648,0.026369028451480755,0.9735172614495349
4500,High,High,True,0.7123450771501604,1.0589606833435177e-05,0.2876443332430061
5294,High,High,True,0.9956124296237806,3.979094584414634e-09,0.004387566397124718
326,Low,Low,True,7.431306378344152e-07,0.5231603077530007,0.4768389491163615
4576,Low,Low,True,3.027892929437335e-13,0.9987595453759412,0.001240454623755899
978,Medium,Medium,True,0.360188314112409,6.123586666253948e-05,0.6397504500209285
961,Medium,Medium,True,0.04573823691833102,0.0004331289509792251,0.9538286341306897
2544,Medium,Medium,True,0.05580089166358098,0.00047537508605402024,0.943723733250365
1108,Medium,Medium,True,0.00016427729124512467,0.02964828493145347,0.9701874377773013
4817,Medium,Medium,True,0.025843680628476577,0.000986183336453727,0.9731701360350697
3668,Low,Low,True,2.7765107660479547e-08,0.8295275765098702,0.170472395725022
4105,Medium,Medium,True,0.00010086549778722084,0.052877901332743484,0.9470212331694694
3,Low,Low,True,9.208034466648458e-12,0.9938331000009103,0.006166899989881667
6592,High,High,True,0.7811780223906384,3.361812228913685e-06,0.21881861579713283
5063,Medium,Medium,True,0.0001948109388125546,0.028302313797237837,0.9715028752639497
6257,Medium,Medium,True,0.09186003080325944,0.00040266108001180503,0.9077373081167288
1126,Medium,Medium,True,0.0007487019505677564,0.013058389723297006,0.9861929083261354
5238,Low,Low,True,1.0626698488105127e-15,0.9999082140255903,9.178597440869226e-05
1775,High,High,True,0.7669837116292093,9.538323751775466e-06,0.23300675004703897
4718,Medium,Medium,True,0.00028426948752908825,0.01406136791295112,0.9856543625995198
2590,High,High,True,0.9986296248006782,6.22344727827892e-10,0.0013703745769770017
2325,High,High,True,0.7558042110283322,9.311605539958048e-06,0.24418647736612778
5818,Medium,Medium,True,0.03912165999004771,0.0006056949068289154,0.9602726451031234
3589,Medium,Medium,True,0.0021953661066051963,0.0025386985662379214,0.9952659353271568
937,Medium,Medium,True,0.0030754454252624338,0.003632122978838893,0.9932924315958986
4178,High,High,True,0.9687583314899949,1.0979775546344914e-07,0.031241558712249578
4474,Medium,Medium,True,8.431988517515063e-06,0.15090014311340724,0.8490914248980752
977,High,High,True,0.7354722694126787,5.339367525201613e-06,0.26452239121979615
4276,Medium,Medium,True,0.042127619371103694,0.0007982852376111296,0.9570740953912853
1940,Medium,Medium,True,0.016078757754620407,0.0006995716181782377,0.9832216706272013
6190,High,High,True,0.9999990256434795,2.6330524601256233e-15,9.743565177508994e-07
4724,High,High,True,0.9999978415915545,1.0661373279564094e-14,2.158408434825948e-06
618,Medium,Medium,True,0.0030339834198220127,0.0049261857898722896,0.9920398307903057
1896,Medium,Medium,True,0.0009958752247389835,0.008981981918758762,0.9900221428565024
5813,High,High,True,0.8227862212260871,4.398035324264907e-06,0.1772093807385886
5944,Low,Low,True,4.917889343897039e-14,0.9994828327537377,0.0005171672462129744
2531,Medium,Medium,True,0.0022935720746884583,0.005190967740014588,0.9925154601852969
2852,Low,Low,True,7.376547390438561e-10,0.9699761352160624,0.030023864046282947
1384,Low,Low,True,1.0097625800509568e-16,0.9999605703595495,3.942964045043189e-05
3747,High,High,True,0.9816815359187617,6.65882778652241e-08,0.018318397492960457
2625,Low,Low,True,8.218856674741395e-17,0.9999604823128737,3.951768712633524e-05
1787,Low,Low,True,1.8160650221328295e-10,0.982724076038414,0.017275923779979517
5577,Medium,Medium,True,2.311101196570932e-06,0.37231898540749386,0.6276787034913096
396,Medium,Medium,True,8.295327946173806e-05,0.04311563108154387,0.9568014156389943
5754,Medium,Medium,True,0.0013891645576296766,0.014226263236954157,0.9843845722054161
5209,High,High,True,0.9886721271450063,2.651659561099515e-08,0.011327846338398001
5522,Medium,Medium,True,0.0028821708843340837,0.0043317187425824764,0.9927861103730835
5558,Low,Low,True,3.2691679605179974e-13,0.9989491807601789,0.001050819239494187
2399,Medium,Medium,True,0.012178860972901476,0.0017275090191500376,0.9860936300079486
5147,Low,Low,True,9.323940378696682e-14,0.9991356856801829,0.0008643143197239496
3462,Low,Low,True,4.582118749642727e-11,0.9851963808886219,0.014803619065556837
5340,Medium,Medium,True,1.547960213599033e-05,0.17986955110792363,0.8201149692899403
678,High,High,True,0.9992275817413695,1.1314360665422097e-10,0.0007724181454870692
1616,Low,Low,True,1.672394206522916e-08,0.8550646508010986,0.14493533247495927
2281,Medium,Medium,True,0.00011516243309224212,0.05241509760580813,0.9474697399610996
11,Low,Low,True,6.706739155419788e-12,0.9963910286211427,0.0036089713721504965
384,Medium,Medium,True,1.4661718975315863e-05,0.20535510239672852,0.7946302358842962
4496,Medium,Medium,True,0.008690879825531682,0.002253775825831097,0.9890553443486372
3027,Medium,Medium,True,0.0005722060346248957,0.014687756026794577,0.9847400379385806
3059,Medium,Medium,True,0.0005508725370303938,0.014494603454895366,0.9849545240080744
5811,Low,Low,True,2.1250994015518223e-10,0.9798222110392993,0.020177788748190578
1203,Low,Low,True,3.584663632571024e-09,0.9272634861786795,0.07273651023665671
2502,Medium,Medium,True,0.006308806199270937,0.001996222199773594,0.9916949716009554
5768,High,High,True,0.9983378506469041,4.956276851441905e-10,0.001662148857468373
1658,Low,Low,True,1.2885093736871751e-16,0.999966349852342,3.3650147657730116e-05
3584,Low,Low,True,1.7002813248125388e-08,0.878458717826389,0.12154126517079768
3843,Low,Low,True,1.319575193150889e-07,0.7263295742265686,0.27367029381591207
4883,Low,Low,True,5.1184265713834795e-15,0.9997594808717527,0.0002405191282422183
859,Medium,Medium,True,1.5051583174319594e-06,0.4053156526903628,0.5946828421513198
5592,Medium,Medium,True,0.12620071312991696,0.0003012596202626487,0.8734980272498204
2443,Medium,Medium,True,0.0011427682409360458,0.007806238003271864,0.9910509937557922
2672,Low,Low,True,4.0949060384129605e-08,0.8298654520275645,0.1701345070233752
1964,High,High,True,0.999993363135779,5.151535423237557e-14,6.63686416931327e-06
3118,Low,Medium,False,1.1797510565545023e-06,0.4635064466231814,0.5364923736257621
3653,Low,Low,True,4.2634936876306455e-07,0.5890864305634947,0.4109131430871365
3682,Low,Low,True,7.114972512986278e-14,0.9993005544174185,0.0006994455825102118
44,Medium,Medium,True,3.242829521276515e-06,0.3359062294747158,0.6640905276957629
2115,Low,Medium,False,7.829588402003809e-07,0.4751901875706735,0.5248090294704862
5933,Low,Low,True,2.739083450734711e-15,0.9998529005585666,0.0001470994414306872
4508,High,High,True,0.9999987591629136,3.437024269398861e-15,1.2408370829800206e-06
4890,High,High,True,0.9999888062826019,1.500629081369921e-13,1.1193717247847638e-05
1716,Low,Low,True,1.077695824769899e-07,0.7428599187901646,0.25713997344025297
4389,Medium,Medium,True,6.838067633851482e-05,0.07051965176717172,0.9294119675564898
5330,Medium,Medium,True,0.05828511094174495,0.0006247036263009075,0.9410901854319541
2700,Low,Low,True,2.5856589371952374e-11,0.99211747225545,0.007882527718693324
1859,Medium,Medium,True,0.00011731361247089046,0.03030517501020449,0.9695775113773246
6477,Medium,Medium,True,0.08237551123774019,0.0003405589804919215,0.9172839297817679
2555,High,High,True,0.9999999757776884,2.1430310911747303e-18,2.4222311672043762e-08
4274,Medium,Medium,True,0.0002478667743178752,0.019043109070169362,0.9807090241555128
4861,High,High,True,0.9511516189529171,3.816095858684131e-07,0.04884799943749693
1044,Medium,Medium,True,0.0022442970959205355,0.006026485854140477,0.991729217049939
5680,High,High,True,0.989057701339178,1.3183131684563116e-08,0.010942285477690213
5387,Medium,Medium,True,1.6405357000691057e-06,0.44519021129077957,0.5548081481735204
452,High,High,True,0.8865513243637243,1.858595029834868e-06,0.11344681704124587
721,High,High,True,0.9955655634552721,8.198016960305333e-09,0.004434428346710862
5701,High,High,True,0.6225288390646135,1.5234582257733005e-05,0.3774559263531289
614,Low,Low,True,5.260482297399502e-19,0.9999933263255346,6.6736744653323945e-06
3254,High,High,True,0.8350041076802927,1.5439377880723368e-06,0.16499434838191948
6482,Medium,Low,False,3.0799541200513094e-07,0.6296999081562851,0.3702997838483029
3165,Medium,Medium,True,0.0007178284291865882,0.01452871636704893,0.9847534552037644
6499,Low,Low,True,3.873607398492185e-09,0.9355833405894483,0.06441665553694442
3623,Medium,Medium,True,2.5403071605838318e-05,0.11897366063316323,0.8810009362952309
5712,High,High,True,0.7741553107241399,3.365343463749439e-06,0.22584132393239628
1523,Medium,Medium,True,0.0007338740621732231,0.012958369192147663,0.9863077567456792
3337,High,High,True,0.9831999279480959,6.235104869402877e-08,0.01680000970085546
1774,High,High,True,0.9999626756620184,8.46675625363049e-13,3.7324337135097654e-05
2083,Medium,Medium,True,8.909839518986245e-05,0.07692712653658687,0.9229837750682232
5820,Low,Low,True,2.322799609443743e-08,0.858571273914702,0.14142870285730186
6024,Medium,Medium,True,0.0008645072322353327,0.007859092437284087,0.9912764003304806
89,Medium,Medium,True,2.589549116226822e-06,0.42416559169597634,0.5758318187549075
1568,High,High,True,0.9999054479646311,1.0261038305771183e-11,9.455202510774921e-05
4039,Low,Low,True,3.79925791470453e-11,0.9903043193344505,0.00969568062755678
3816,Low,Low,True,5.001473696373944e-07,0.544759418163672,0.45524008168895835
4017,Low,Low,True,1.041212798484817e-11,0.9949767475849856,0.005023252404602287
3619,Low,Low,True,9.101540520287803e-08,0.8201965247529914,0.17980338423160322
5668,Low,Low,True,6.513506683916154e-22,0.9999997435743462,2.5642565371835184e-07
3445,High,High,True,0.9307034391862632,6.070688478905126e-07,0.06929595374488887
48,Medium,Medium,True,1.8587637073068917e-05,0.20322348821562836,0.7967579241472985
1807,High,High,True,0.9999717019524089,1.1404638004476022e-12,2.8298046450769327e-05
1288,High,High,True,0.9180130288704875,7.855353104460272e-07,0.08198618559420193
5581,Low,Low,True,3.5752702037141857e-22,0.9999998637442425,1.3625575747851572e-07
3394,Medium,Medium,True,2.2057389465610678e-06,0.397291620361142,0.6027061738999114
1320,High,High,True,0.9666909660083415,1.3853209305259093e-07,0.033308895459565495
424,Low,Low,True,6.168383166924245e-09,0.9219082191276295,0.07809177470398723
4196,High,Medium,False,0.39388774282203753,6.48527884571545e-05,0.6060474043895054
5438,Medium,Medium,True,9.678590969463367e-05,0.04221436290388822,0.9576888511864171
5245,Low,Low,True,1.400455848259019e-10,0.9798868741332217,0.0201131257267326
1618,Low,Low,True,2.473210326980418e-10,0.9772901725900415,0.02270982716263746
1015,Medium,Medium,True,0.37394772141378657,6.431061685905629e-05,0.6259879679693543
4518,Medium,Medium,True,0.1730899684115296,0.0002647189644664163,0.826645312624004
5148,Medium,Medium,True,0.0012915215134729756,0.0098691101616266,0.9888393683249005
5026,Low,Low,True,1.3235628442106281e-11,0.9941398225010679,0.00586017748569648
4094,High,High,True,0.9917658668337167,2.0962573178949733e-08,0.00823411220371013
5044,Low,Low,True,2.4079343971921387e-14,0.9997461807381485,0.000253819261827525
2698,Low,Low,True,3.027780423840828e-14,0.9995512623022637,0.00044873769770611207
2717,Medium,Medium,True,0.00034560141024222687,0.00921937491571894,0.9904350236740388
2573,Low,Low,True,1.240881467558209e-21,0.9999997567193754,2.4328062464785583e-07
5514,High,High,True,0.9998357670029718,1.8966961435656513e-11,0.00016423297806109205
6152,High,High,True,0.8434793329050001,3.1666102588936384e-06,0.15651750048474086
118,Low,Low,True,7.171358037500196e-19,0.999994398202175,5.6017978250477315e-06
3001,Medium,Medium,True,0.008608960869594472,0.0025504732382114524,0.9888405658921942
445,High,High,True,0.7245928296518261,4.715611666112188e-06,0.2754024547365077
1802,Medium,Medium,True,1.658667961369536e-05,0.13621413751333644,0.8637692758070499
2707,Low,Low,True,5.884250001536436e-09,0.9215633617889933,0.07843663232675656
6591,Low,Low,True,2.644024485452022e-14,0.9995570989765427,0.00044290102343098815
4807,Medium,Medium,True,4.0373716268629675e-05,0.11442355382737822,0.8855360724563532
137,Medium,Medium,True,5.580810292955235e-05,0.08072681961507003,0.9192173722820004
2231,High,High,True,0.9986411022356305,7.111785762782671e-10,0.001358897053190955
54,Medium,Medium,True,0.0032217041313674375,0.002985773308211071,0.9937925225604215
6373,Low,Low,True,2.152872176275123e-11,0.9944283886371142,0.0055716113413570596
745,Medium,Low,False,9.971260123628442e-07,0.5185801969386213,0.48141880593536623
5956,Low,Low,True,7.843828041132378e-11,0.9887617028675463,0.011238297054015491
444,Medium,Medium,True,7.169544313879509e-07,0.46236141872958564,0.5376378643159829
1667,Medium,Medium,True,7.856556926915427e-06,0.26012629000216353,0.7398658534409096
1773,Low,Low,True,3.5788742282737122e-09,0.9358042662755295,0.0641957301455963
1410,Low,Low,True,5.304161111091732e-21,0.9999993612753036,6.387246962842664e-07
5877,Low,Low,True,8.956449821022422e-10,0.9678333754792643,0.03216662362509078
2855,Medium,Low,False,6.734486669866126e-07,0.5309183684795808,0.46908095807175215
5060,Low,Low,True,5.50957309798978e-09,0.9263777825312239,0.07362221195920314
5900,High,High,True,0.999993988371683,4.1009039168951914e-14,6.011628275990919e-06
5686,Medium,Medium,True,0.3463052496833905,6.769307872777834e-05,0.6536270572378816
1302,Medium,Medium,True,0.005718270766021805,0.002052501510613664,0.9922292277233646
5455,Medium,Medium,True,3.506262495027159e-06,0.3371295094835763,0.6628669842539288
5240,High,High,True,0.9285459765023427,4.971842153013775e-07,0.07145352631344189
4731,High,High,True,0.9573071534163653,1.6426511699631845e-07,0.042692682318517756
3558,Medium,Medium,True,0.06806557108772898,0.00044276285813153575,0.9314916660541394
780,Medium,Medium,True,0.004490637179999359,0.004052230402856886,0.9914571324171437
682,High,High,True,0.7387475038787953,5.871856518959543e-06,0.26124662426468587
430,High,High,True,0.9998216815415644,1.0859968215472266e-11,0.00017831844757558758
1043,High,High,True,0.9891206048750855,1.8691595211579205e-08,0.010879376433319272
6412,High,High,True,0.7336278279715757,6.097936649504255e-06,0.26636607409177476
2763,Low,Low,True,1.375738173819966e-10,0.9850445603319433,0.01495543953048294
1449,Low,Low,True,1.2184928161916672e-07,0.7477920325420956,0.25220784560862264
3302,Medium,Medium,True,0.0018922460365193928,0.005097680567634532,0.993010073395846
1905,Medium,Medium,True,3.365390596833487e-05,0.09928090117193601,0.9006854449220957
905,Low,Low,True,6.055013530850315e-15,0.9998095932716703,0.00019040672832375876
1071,Medium,Medium,True,0.19862373616587412,0.00014277589048368122,0.8012334879436421
3784,Low,Low,True,1.1550424144378928e-09,0.9543702642605042,0.0456297345844533
2954,Low,Low,True,1.042144219815232e-11,0.9952536463003557,0.004746353689222776
6009,High,High,True,0.7800940060813899,4.86977641337532e-06,0.21990112414219662
251,Medium,Medium,True,0.09323561590005788,0.00037598648498011377,0.906388397614962
4683,Low,Low,True,1.4265331952423713e-08,0.8962835868197935,0.10371639891487447
4309,Medium,Medium,True,0.00024046495916154313,0.03046469012140995,0.9692948449194284
4535,Low,Low,True,6.528142865370138e-07,0.5924084885500823,0.4075908586356311
5064,Low,Low,True,5.478714424456755e-16,0.9999184539559942,8.154604400528337e-05
6539,High,High,True,0.8578228032774474,1.5585980163369222e-06,0.14217563812453618
2340,Low,Low,True,3.672573062157609e-12,0.9961654082162613,0.0038345917800662673
6207,High,High,True,0.883594000915933,2.045904800704189e-06,0.11640395317926618
4606,Low,Low,True,6.559095509506032e-13,0.9985610248643904,0.0014389751349538355
6264,Medium,Medium,True,1.4258239042719693e-05,0.1609243627070138,0.8390613790539434
1360,Medium,Medium,True,5.107095974071524e-06,0.33168129006688424,0.6683136028371417
3205,Medium,Medium,True,0.2932656988770141,0.0001420976690549064,0.7065922034539309
4985,Low,Low,True,3.0779972243588857e-09,0.9469917849145599,0.05300821200744293
3016,High,High,True,0.9961027903759307,3.2649018724016226e-09,0.0038972063591674305
5670,Low,Low,True,3.016085093552337e-16,0.9999429315764704,5.7068423529240836e-05
5902,Medium,Medium,True,0.0024547263260659277,0.0039424946384381985,0.9936027790354958
3479,Low,Low,True,9.60643266681071e-15,0.9997534626529374,0.0002465373470530841
185,High,High,True,0.9177829850500016,6.54231040808017e-07,0.08221636071895766
1249,High,High,True,0.9999852929161092,1.9662739667426863e-13,1.4707083694182061e-05
3697,Low,Low,True,6.162129243866085e-12,0.9954141927659396,0.004585807227898183
20,Low,Low,True,2.629188231029608e-07,0.6742130237136148,0.325786713367562
6578,Medium,Medium,True,0.004043102070445677,0.0032048013609963454,0.992752096568558
4151,Low,Low,True,1.2448336739133308e-11,0.9931261136855933,0.006873886301958392
2580,Low,Low,True,1.7925076977813965e-09,0.956653690514152,0.04334630769334008
3940,Low,Low,True,5.660746227262887e-19,0.9999949662258507,5.0337741494065454e-06
2138,High,High,True,0.9998592930014537,6.090756991644963e-12,0.0001407069924556179
4144,High,High,True,0.9771292706868248,1.0111025199073428e-07,0.02287062820292329
2082,High,High,True,0.9999999402685178,1.7004416651297125e-17,5.973148226071136e-08
6037,Low,Low,True,1.7387514161487246e-10,0.9822890904578888,0.017710909368236046
2077,Low,Low,True,2.684086329612851e-11,0.9920252846457246,0.007974715327434708
3965,Low,Low,True,2.8566584414132506e-10,0.9725537831686157,0.02744621654571854
6283,High,High,True,0.8637133629026588,2.08895646764018e-06,0.13628454814087348
4142,Medium,Medium,True,0.07416627288615422,0.00034789837699604134,0.9254858287368498
5169,High,High,True,0.7427191628302114,1.217124564174772e-05,0.2572686659241467
4223,Low,Low,True,7.242076733718931e-07,0.5212161604251416,0.47878311536718493
2922,Low,Low,True,1.274694366013354e-18,0.9999934733722754,6.5266277245007215e-06
284,Medium,Medium,True,1.313909053652058e-05,0.12031374169997403,0.8796731192094894
1040,Low,Low,True,4.591151444729317e-19,0.9999951476387928,4.85236120705302e-06
1946,Medium,Medium,True,0.3221449138932741,5.579457736227487e-05,0.6777992915293637
1060,Medium,Medium,True,8.710982360718927e-06,0.20504236654902994,0.7949489224686093
3760,High,High,True,0.9123170805059116,1.2015461207631516e-06,0.08768171794796752
1332,Low,Low,True,1.0410307882501817e-07,0.833916121946052,0.16608377395086907
2537,Medium,Medium,True,0.004029352670741952,0.0028577029624576268,0.9931129443668003
153,Medium,Medium,True,0.0015964103663557343,0.009905020241584772,0.9884985693920594
3829,High,High,True,0.9915685500012671,1.2057201136503053e-08,0.008431437941531787
632,Medium,Medium,True,0.06784815289652475,0.0004269439728814116,0.9317249031305939
4264,High,High,True,0.9967730667756645,3.2336397112795406e-09,0.003226929990695634
4857,Low,Low,True,6.513831836919441e-10,0.9643586157777537,0.03564138357086294
4818,Medium,Medium,True,0.00020290746873068892,0.02947707738513111,0.9703200151461383
2238,Medium,Low,False,1.0155552348675393e-06,0.5357193133999085,0.4642796710448566
4934,Medium,Medium,True,0.24639681881094552,8.976204088963213e-05,0.7535134191481649
1034,Low,Low,True,1.2035454564863203e-12,0.9979648518919141,0.002035148106882379
5719,Low,Low,True,4.610004405493706e-08,0.8374886876635859,0.1625112662363699
1994,Low,Low,True,6.066647518880164e-07,0.5785297231569521,0.42146967017829595
2061,Low,Low,True,6.3667408053215005e-12,0.9952643209403537,0.004735679053279617
3222,Low,Low,True,7.221347678363728e-07,0.6084029921420125,0.3915962857232196
3552,Low,Low,True,4.368067860810551e-23,0.9999999411126158,5.88873841307672e-08
5198,Medium,Medium,True,0.03411897670071227,0.0008194044305096765,0.9650616188687781
4801,High,High,True,0.999937096139323,2.6597371526282066e-12,6.290385801737266e-05
4305,Medium,Medium,True,0.06940178312003878,0.00027824067335306923,0.9303199762066081
6060,Medium,Medium,True,4.323188172452178e-05,0.07010931615154287,0.9298474519667327
2414,High,Medium,False,0.46089631371723383,4.2807340807017446e-05,0.5390608789419592
3278,Medium,Medium,True,0.011245197507145793,0.002246046300481748,0.9865087561923725
3311,Medium,Medium,True,0.2002628254874779,0.00013529056445045636,0.7996018839480716
2900,Medium,Medium,True,0.00011454351642888803,0.048642939938063706,0.9512425165455074
860,High,High,True,0.9998603602084375,1.17907569533348e-11,0.00013963977977189492
4440,Medium,Medium,True,0.01760536638741529,0.0007056129889771785,0.9816890206236075
6405,Medium,Medium,True,0.01216693848372732,0.000984155272614317,0.9868489062436583
4650,Low,Low,True,2.7742009149459585e-15,0.9998194685240076,0.00018053147598974753
4625,Low,Low,True,2.6066035469531015e-07,0.6643869028409246,0.33561283649872076
1270,Medium,Medium,True,1.996058931394496e-05,0.152575025974859,0.8474050134358271
2353,Low,Low,True,1.20335841094986e-09,0.9571876157243688,0.04281238307227284
959,Low,Low,True,1.9918318729395518e-08,0.8950591309161754,0.10494084916550593
5421,Low,Low,True,1.1814809987254608e-07,0.645610404149808,0.3543894777020922
4859,Medium,Medium,True,1.1055890265911502e-05,0.21469989386788083,0.7852890502418532
2764,Medium,Medium,True,0.006925225214521137,0.0026077978882663422,0.9904669768972124
5180,High,High,True,0.999826595219675,1.3835016654349262e-11,0.0001734047664901124
3782,Medium,Medium,True,2.2640260619936422e-05,0.15919611739483716,0.840781242344543
119,Low,Low,True,1.0116591228869557e-09,0.9600824154150726,0.0399175835732683
1256,Low,Low,True,2.440415803897486e-22,0.9999998144056705,1.8559432936882328e-07
5196,High,High,True,0.8314575284621544,1.7840372675130211e-06,0.16854068750057816
3888,Low,Low,True,1.1559872679620724e-10,0.9851486235952363,0.014851376289164987
1129,Medium,Medium,True,0.08938860831479917,0.0005346252800994192,0.9100767664051013
5896,Low,Low,True,1.1268380810256015e-07,0.7378844182401743,0.2621154690760176
5772,Medium,Medium,True,0.13804840059832507,0.0001363540547367756,0.8618152453469381
3483,Medium,Low,False,2.4992919817888067e-07,0.6830541031988735,0.31694564687192817
4153,Medium,Medium,True,0.02590646657366783,0.0010822354439058589,0.9730112979824262
649,High,High,True,0.8488809578779286,1.934195804643736e-06,0.15111710792626665
6100,Low,Low,True,9.950595593377964e-15,0.999657567498604,0.0003424325013859855
1574,Medium,Medium,True,1.949887143029636e-05,0.1534824096796549,0.8464980914489149
3660,Medium,Medium,True,0.1412020965430416,0.00016471311570978692,0.8586331903412485
3556,Medium,Medium,True,0.00022231027998553162,0.03481835042181256,0.9649593392982019
279,Low,Medium,False,9.694058223259573e-07,0.48709697268852514,0.5129020579056526
6559,Medium,Medium,True,4.156146659415494e-05,0.1228924482119302,0.8770659903214756
2031,Low,Low,True,3.0495816370242307e-16,0.9999259006127698,7.409938723012519e-05
4707,Medium,Medium,True,0.108897578071644,0.0002172236785224422,0.8908851982498335
2197,Low,Low,True,1.4528121689814508e-15,0.9998256658754183,0.0001743341245802514
4884,High,High,True,0.9976215711386642,1.0913914662185095e-09,0.0023784277699441534
892,Medium,Medium,True,1.958718777828132e-05,0.14553605819991763,0.8544443546123041
5510,Low,Low,True,6.037970929997405e-10,0.9728450593230505,0.027154940073152188
5439,Medium,Medium,True,0.2522496480993059,0.0001297037111238513,0.7476206481895703
4868,High,High,True,0.5799635671387326,1.5872411728095702e-05,0.4200205604495393
2059,Low,Low,True,1.9841718105594733e-09,0.9555171415155537,0.044482856500274635
3034,Low,Low,True,4.222341573505839e-08,0.8020194531840622,0.19798050459252217
3626,Low,Low,True,1.765814721431075e-21,0.999999636284933,3.6371506689778226e-07
3061,High,High,True,0.9997841064444531,4.845557374266854e-11,0.000215893507091212
1087,Low,Low,True,6.462074919849378e-09,0.9229473484028644,0.07705264513506078
3057,High,High,True,0.9999999701144944,5.651754689954912e-18,2.988550555183119e-08
6318,Medium,Medium,True,0.001146337693833168,0.007083289093350642,0.9917703732128161
3724,Medium,Medium,True,0.0001950677897506455,0.02761841447928685,0.9721865177309625
4958,Medium,Medium,True,2.9411939682005168e-05,0.13014021690854924,0.8698303711517688
1476,Medium,Medium,True,0.0029588742644611034,0.0038672403536383747,0.9931738853819005
2688,Low,Low,True,5.7725787474223645e-15,0.999724338752493,0.00027566124750121626
1889,High,High,True,0.6973165408174443,1.268098049142695e-05,0.3026707782020642
6420,Low,Low,True,2.138526631543235e-07,0.6439461414806359,0.35605364466670086
930,High,High,True,0.9996512088820788,4.8864718388922336e-11,0.000348791069056447
5924,Medium,Medium,True,0.00036039064261045485,0.017355230306139287,0.9822843790512502
3232,Low,Low,True,1.811765283598671e-11,0.9900058117643932,0.00999418821748934
3677,Low,Low,True,4.3690654941577e-14,0.9994638281563815,0.0005361718435747607
3372,Medium,Medium,True,0.00037377764302255957,0.018436829883381703,0.9811893924735956
5306,Medium,Medium,True,0.06649283931317505,0.0002631557097572333,0.9332440049770677
3310,Low,Low,True,6.555566999164837e-11,0.9867153496894793,0.0132846502449652
979,Medium,Medium,True,2.468480107139419e-05,0.16942762960842975,0.8305476855904987
5775,Medium,Medium,True,0.00025816656673100647,0.023841002251870066,0.9759008311813989
609,Low,Low,True,1.91562977652464e-14,0.9995376146182593,0.00046238538172153855
4974,Medium,Medium,True,1.0038231313905096e-05,0.17596100009699284,0.8240289616716931
2246,Low,Low,True,6.182850297388139e-07,0.6012945408592181,0.3987048408557522
2458,Medium,Medium,True,0.10172707658335525,0.0003091637329412396,0.8979637596837036
5279,High,Medium,False,0.30521817100984727,7.578768698107004e-05,0.6947060413031717
711,Low,Low,True,1.701515989395942e-10,0.981171483445493,0.01882851638435533
2638,High,High,True,0.8849933229119221,2.393226045980275e-06,0.11500428386203203
6249,Medium,Medium,True,0.18689257117126945,0.0001276813082646339,0.8129797475204659
431,Low,Low,True,1.496205594380082e-10,0.9836142076088382,0.01638579224154122
167,Low,Low,True,1.756027017295309e-12,0.9970289746718706,0.002971025326373298
953,Low,Low,True,7.473998042033062e-13,0.9985701732544894,0.0014298267447631116
3679,Medium,Medium,True,0.21948131390609266,0.00011045991341030663,0.780408226180497
5656,Medium,Medium,True,0.007673075343385651,0.0027112433270844614,0.9896156813295298
1073,Medium,Medium,True,0.36030617307623286,6.502143867928219e-05,0.6396288054850878
5909,Medium,Medium,True,0.004107695119401734,0.004102447256573304,0.9917898576240249
1198,Medium,Medium,True,0.35095535150586027,6.681815974343998e-05,0.6489778303343962
357,Medium,Medium,True,0.24362236408827287,0.000127850928580649,0.7562497849831464
4265,Low,Low,True,2.1153644353131848e-13,0.9986967606278044,0.0013032393719839945
5825,High,High,True,0.9879691820467245,4.048422221154907e-08,0.012030777469053287
6079,Low,Low,True,3.021770746889768e-22,0.9999998218026589,1.781973411879794e-07
3198,Low,Low,True,5.432944862293098e-09,0.9197577597425665,0.08024223482448857
1051,Medium,Medium,True,0.05177250228578666,0.0002994186794415899,0.9479280790347717
1230,High,High,True,0.9405232844847574,6.031269851140242e-07,0.059476112388257535
807,Low,Low,True,2.1682801312919277e-09,0.9457222681711206,0.054277729660599204
3044,High,High,True,0.548566151644052,2.4538944215345696e-05,0.45140930941173263
4238,Low,Low,True,1.3499088294248647e-09,0.960876527880778,0.039123470769313225
5866,Low,Low,True,7.113871446082371e-07,0.6719648972028484,0.3280343914100069
6066,Medium,Medium,True,0.0007415343796236417,0.00794185898378413,0.9913166066365922
1792,Medium,Medium,True,1.437336014717181e-05,0.22491387509105215,0.7750717515488007
4499,Medium,Medium,True,0.009808200788125334,0.0013414598426070238,0.9888503393692676
3798,High,High,True,0.8952432118505798,1.9091411034741227e-06,0.1047548790083167
1903,Medium,Medium,True,0.1384030113961568,0.00015820911058817745,0.8614387794932551
4133,High,Medium,False,0.43383587169393184,2.947939240332392e-05,0.5661346489136649
3615,High,High,True,0.8860281631343655,1.3231199653410125e-06,0.11397051374566923
1290,Medium,Medium,True,0.09355084234816911,0.00024154314297865186,0.9062076145088523
2639,Medium,Medium,True,4.6644039584900796e-05,0.07899004140509802,0.9209633145553171
4162,Medium,Medium,True,0.0010082961923134513,0.009116599418161602,0.9898751043895249
3439,Medium,Medium,True,0.0008560226356930321,0.006922138746017353,0.9922218386182895
1440,Medium,Medium,True,6.062498884021283e-06,0.2272168771060409,0.7727770603950751
4646,Medium,Medium,True,1.6890969580754056e-05,0.12166077969788364,0.8783223293325356
4981,Medium,Medium,True,4.057907499637227e-05,0.06379479132239732,0.9361646296026063
5741,Medium,Medium,True,0.0003968471228783091,0.019682119175189562,0.9799210337019322
1391,Medium,Medium,True,0.20478070172291526,0.000168332136523524,0.7950509661405611
6370,Low,Low,True,2.9348919346868555e-09,0.9456596991508913,0.054340297914216705
2874,Low,Low,True,8.160639615053997e-14,0.999201557925059,0.0007984420748593365
4450,Medium,Medium,True,0.0006189393273742084,0.01867952655701623,0.9807015341156095
3360,Medium,Medium,True,0.0011252113005439696,0.009283515570718005,0.9895912731287382
5868,Medium,Medium,True,0.022440138218924228,0.0010207050219882023,0.9765391567590876
3168,Low,Low,True,3.698381240394139e-11,0.9863882514902362,0.013611748472779918
216,Medium,Medium,True,1.9240162480388494e-06,0.4372871070119149,0.562710968971837
458,Medium,Medium,True,0.0015877435110462452,0.008587715771784413,0.9898245407171693
6411,Medium,Medium,True,0.00035333829400271396,0.016122030877619247,0.9835246308283779
6142,Medium,Medium,True,1.8877436281514465e-06,0.4015453319044859,0.598452780351886
3652,High,High,True,0.8742785341793784,1.7895012804129554e-06,0.12571967631934108
6364,Low,Low,True,7.984589925306238e-22,0.9999996629553444,3.370446556768465e-07
4612,Medium,Medium,True,0.0056145859279395595,0.0019468463596005123,0.9924385677124599
5280,High,High,True,0.8809063411210948,2.3078266907915423e-06,0.11909135105221463
5739,High,High,True,0.9946567995905394,4.0149355568877005e-09,0.005343196394525032
1463,Medium,Medium,True,0.01761236934708673,0.0012840058589758665,0.9811036247939374
5485,Medium,Medium,True,1.0079285954226507e-05,0.21751720957825646,0.7824727111357894
6240,Medium,Medium,True,8.86692862544639e-06,0.250494846934937,0.7494962861364376
5055,Medium,Medium,True,0.005623665475936297,0.0026049616195976395,0.991771372904466
3592,High,High,True,0.9999999926712291,4.703255004138047e-19,7.32877082382231e-09
4135,High,High,True,0.9773811923184698,5.687299251360408e-08,0.022618750808537813
3207,Medium,Medium,True,0.21882709142480272,0.00010245342747346256,0.7810704551477239
74,Low,Low,True,1.9232627194560514e-07,0.6902597312759008,0.3097400763978273
5218,Medium,Medium,True,0.23558997547581684,0.0001361206959066333,0.7642739038282765
537,High,High,True,0.999873897764896,1.0822883454595038e-11,0.00012610222428113252
5047,Low,Low,True,7.835441096437717e-15,0.9997350246764936,0.00026497532349871786
2879,High,High,True,0.9999999992668034,7.677001290760007e-21,7.331966104750613e-10
671,Medium,Medium,True,0.004505617879591129,0.0032945842910924077,0.9921997978293164
4061,High,High,True,0.999999803753138,1.0532100041366889e-16,1.9624686197639764e-07
962,Low,Low,True,7.407967840437377e-12,0.9964495331504065,0.0035504668421855643
5881,Medium,Medium,True,0.00012160440645646897,0.05850484142430935,0.9413735541692342
306,Low,Low,True,9.409013376575016e-14,0.9993514980616682,0.0006485019382376849
2382,High,Medium,False,0.46516829834296763,4.6974381515935734e-05,0.5347847272755164
4294,Medium,Medium,True,0.005206846810692077,0.003701009263341374,0.9910921439259667
3726,Low,Low,True,2.2092805869357323e-14,0.9995637576978094,0.00043624230216846607
244,Medium,Medium,True,0.1043733190442654,0.0002901048803660852,0.8953365760753685
158,Medium,Medium,True,0.002561836854750332,0.005188212851677766,0.9922499502935718
6165,Medium,Medium,True,2.5989666934989323e-06,0.4213526633367345,0.578644737696572
309,Medium,Medium,True,0.0004540499555730677,0.015843229464679,0.983702720579748
4835,High,High,True,0.9959310778397543,4.3246371373682415e-09,0.004068917835608634
6222,Low,Low,True,1.651234628615106e-13,0.9991327002271021,0.000867299772732918
3785,Medium,Medium,True,0.2185633110261923,0.00013126202771121003,0.7813054269460966
4290,Medium,Medium,True,0.0006079545907269136,0.009693814679323225,0.9896982307299498
6052,Low,Low,True,1.5204080953845113e-14,0.9997207370195054,0.0002792629804794265
3669,Low,Low,True,2.530984944674946e-17,0.9999802959411429,1.9704058856981507e-05
3450,Medium,Medium,True,0.3449021754503467,6.209445099424511e-05,0.655035730098659
2148,High,High,True,0.9891728346631764,1.4865547125312807e-08,0.010827150471276458
4963,High,High,True,0.9999999917414356,5.938251828323077e-19,8.258564368889034e-09
3049,High,High,True,0.9990273396762719,4.0599153596809313e-10,0.0009726599177367775
1506,Medium,Medium,True,1.3376442741576303e-06,0.47942650479397175,0.5205721575617541
5588,Low,Low,True,1.6510822334277948e-06,0.5097738748491546,0.4902244740686119
4071,Medium,Medium,True,0.0004506761632005995,0.020132996634738273,0.9794163272020611
6387,Medium,Medium,True,2.0359587331230108e-05,0.18604742024063806,0.8139322201720306
2444,Low,Low,True,3.613715331424983e-17,0.9999779671373533,2.2032862646766037e-05
6434,High,High,True,0.9993479535671991,1.162430994584343e-10,0.0006520463165577577
1406,Medium,Medium,True,1.619423629383014e-05,0.15141684710481704,0.8485669586588891
4086,Medium,Medium,True,0.00208080419358278,0.005669981095844952,0.9922492147105723
5091,Medium,Medium,True,0.0001016267480155289,0.07611765394622082,0.9237807193057638
1148,Low,Low,True,1.929854954363551e-07,0.6825787902078937,0.31742101680661083
2363,Medium,Medium,True,0.019962543519732506,0.0010657473775681713,0.9789717091026995
881,Medium,Medium,True,0.0008165998173921457,0.012832142358835771,0.9863512578237721
1738,Low,Low,True,1.2773028490496417e-07,0.7262279946988217,0.2737718775708934
2986,Medium,Medium,True,0.023293376895264034,0.001090191864473141,0.9756164312402628
6311,Medium,Medium,True,0.02552461953157754,0.0009221325046932396,0.9735532479637292
2846,Medium,Medium,True,4.331105751714944e-05,0.07991447007728629,0.9200422188651965
2695,Low,Low,True,4.71424410529492e-15,0.9998340533728146,0.0001659466271806741
4363,Medium,Medium,True,1.6755752527915184e-05,0.19914825983491258,0.8008349844125595
1127,Medium,Medium,True,0.00022191188794436678,0.047319980490179075,0.9524581076218764
5930,High,High,True,0.9938867316924116,6.2666333223807724e-09,0.006113262040955105
5205,Low,Low,True,1.5677959988166916e-13,0.9989180009009596,0.0010819990988835684
83,High,High,True,0.9997183538941596,1.8806080143166643e-11,0.00028164608703411264
3064,Medium,Medium,True,0.17377076406092493,8.636565634008572e-05,0.8261428702827349
2326,Medium,Medium,True,0.0009754141234442194,0.006440666505073618,0.9925839193714822
6143,Low,Low,True,4.27521500203864e-11,0.9894704533053841,0.010529546651863888
6596,Low,Low,True,2.2405759167816303e-10,0.9798860366826485,0.02011396309329385
4253,Low,Medium,False,0.44237602664184084,3.4741982634058755e-05,0.5575892313755251
1581,Low,Low,True,3.140304797457464e-08,0.8198655636020346,0.18013440499491756
1897,Medium,Medium,True,3.058239128366197e-06,0.4102689885795496,0.5897279531813221
1228,Low,Low,True,1.3692875700379845e-08,0.9053210134990951,0.09467897280802916
5447,Medium,Medium,True,6.1224457179091465e-06,0.2525396566128467,0.7474542209414354
2368,Low,Low,True,1.5981939933323557e-18,0.9999919871853613,8.012814638828287e-06
3722,Medium,Medium,True,0.003155163195211299,0.007364896855364404,0.9894799399494244
1680,Low,Low,True,1.0398324465564794e-14,0.9996915099947998,0.00030849000518977214
2372,Medium,Medium,True,0.0017119152215146545,0.004935731602102498,0.9933523531763829
2936,High,High,True,0.5907326332517747,1.027278690659136e-05,0.40925709396131865
1153,High,High,True,0.9979827009809165,1.3011863107219676e-09,0.002017297717897365
572,Medium,Low,False,1.5969823950709431e-06,0.5478715590855721,0.45212684393203284
3801,Low,Low,True,1.2167075805406515e-09,0.9727661220109398,0.027233876772352818
5718,High,High,True,0.9999999996129509,1.766200751418837e-21,3.8704900581797067e-10
3604,High,High,True,0.9999994518624882,5.630801421076205e-16,5.481375110511101e-07
55,Low,Low,True,1.9927759004983534e-15,0.9998726827254445,0.00012731727455339128
3095,Medium,Medium,True,1.4167304665106115e-06,0.47066391148801806,0.5293346717815155
5748,High,High,True,0.9999944134182016,5.82740145060776e-14,5.586581740077324e-06
4771,Medium,Medium,True,4.363346647574164e-06,0.33307997087073077,0.6669156657826217
4166,Low,Low,True,7.761351698770769e-08,0.7713984795398146,0.22860144284666842
1458,Low,Low,True,8.223454329329243e-12,0.9942125121301572,0.005787487861619262
6352,Medium,Medium,True,6.26262207614708e-06,0.2199919093398963,0.7800018280380276
2617,Low,Low,True,2.854594143233623e-14,0.9995793990815498,0.00042060091842142884
5254,Medium,Medium,True,1.2683918539066268e-06,0.49656062070215135,0.5034381109059948
3402,Medium,High,False,0.6934979456061434,1.1946837656026813e-05,0.3064901075562005
2771,Low,Low,True,6.759800271269494e-08,0.8078006956577347,0.19219923674426248
2200,Medium,Medium,True,0.001143076860089992,0.00980800785113872,0.9890489152887713
600,High,High,True,0.5351450967430776,2.8241791722100233e-05,0.4648266614652002
6279,Low,Low,True,3.333995787513843e-07,0.6572066915163564,0.3427929750840649
3370,High,High,True,0.9999996350416285,2.0695180433181138e-16,3.6495837135678984e-07
1768,Low,Low,True,1.4584996646290369e-08,0.8745476799615463,0.12545230545345695
415,Medium,Low,False,6.932077552286657e-07,0.5721196071348181,0.42787969965742667
1224,Low,Low,True,3.900890812259824e-14,0.9994923038933421,0.0005076961066188358
6343,Medium,Medium,True,0.003159353014364655,0.006132700150660722,0.9907079468349745
1024,Low,Medium,False,1.0950376397346668e-06,0.4702423413739105,0.5297565635884498
6497,Low,Low,True,1.1392898926073869e-11,0.994430526743787,0.005569473244820277
5551,High,High,True,0.9979864645120685,1.1056164758747967e-09,0.002013534382315045
3164,High,High,True,0.9991112656578192,3.9577373112530073e-10,0.0008887339464071636
3182,Medium,Medium,True,0.010801185294710827,0.0014334742438912656,0.9877653404613979
1856,Low,Low,True,5.756706792521323e-08,0.8104217823018197,0.1895781601311123
791,Medium,Medium,True,1.3626330408567354e-05,0.15273994153239756,0.8472464321371939
6078,Medium,Medium,True,0.051480784845689166,0.0006372227871779415,0.9478819923671328
558,Low,High,False,0.9988839439108993,5.628695270186802e-10,0.001116055526231249
974,High,High,True,0.9994386919210262,1.7506018984008943e-10,0.0005613079039134893
3794,Low,Low,True,1.0412325650775877e-07,0.7476870110402095,0.2523128848365339
4287,Low,Low,True,4.538664034503491e-16,0.9999228152616246,7.718473837501624e-05
2241,Low,Low,True,2.13335510427796e-09,0.9432659513716338,0.0567340464950112
1062,Medium,Medium,True,3.5801435096567057e-05,0.11110884385198509,0.8888553547129183
5894,Low,Low,True,9.663357456019484e-12,0.9941582839214324,0.005841716068904179
5321,Low,Low,True,2.0891184225034408e-11,0.9932176794301127,0.006782320548996158
1605,Low,Low,True,3.327273630572039e-18,0.9999920447690681,7.955230931762117e-06
4418,High,High,True,0.9980077866472837,1.651084288636805e-09,0.00199221170163194
4679,Medium,Medium,True,0.04377054717709189,0.0005056953447867547,0.9557237574781213
2673,High,High,True,0.9999943867821397,5.1616097368736194e-14,5.613217808724714e-06
5414,High,Medium,False,0.44503579336140164,3.8182281357599573e-05,0.5549260243572408
950,Low,Low,True,3.9247971070159356e-07,0.6268189980050055,0.3731806095152838
6209,Medium,Medium,True,2.688811055639801e-05,0.11085045002776052,0.889122661861683
6057,Low,Low,True,9.935086183827286e-09,0.8959354191518937,0.10406457091302022
5815,Medium,Medium,True,0.1284841954648125,0.0002555634512124971,0.871260241083975
2895,Medium,Medium,True,0.03739611933739679,0.0006962091869752768,0.9619076714756278
1442,Medium,Medium,True,0.0317377014992672,0.0008334800649255704,0.9674288184358072
4756,Low,Low,True,3.790288750717441e-11,0.9902494057300592,0.00975059423203805
2786,Medium,Medium,True,0.010797392669070779,0.0017040324989951066,0.9874985748319342
1379,Low,Low,True,1.2945485139961261e-09,0.9629286999102571,0.037071298795194406
714,Medium,Medium,True,0.4487155517631527,2.458853784364528e-05,0.5512598596990036
1361,High,High,True,0.5355339920286873,2.2741190477239634e-05,0.4644432667808354
4053,High,High,True,0.9999994752389003,7.293077691806271e-16,5.247610990641299e-07
266,Low,Low,True,4.283992059003793e-07,0.6474518211225953,0.35254775047819886
5354,Medium,Medium,True,0.0017573336754692507,0.008083113984774485,0.9901595523397562
2377,Medium,Medium,True,0.0035231472888528066,0.00591053884709787,0.9905663138640494
6516,Medium,Medium,True,0.22638790675318302,8.43615667356829e-05,0.7735277316800813
5410,High,High,True,0.999996130299281,1.975312568789553e-14,3.869700699156343e-06
6374,Medium,Medium,True,9.343715051198328e-06,0.13392890170601962,0.8660617545789291
5039,Medium,Medium,True,0.21657090173106536,0.00018518884232556737,0.783243909426609
1331,Medium,Medium,True,0.007139229392067801,0.0020504589167890754,0.9908103116911432
6070,Medium,Medium,True,6.161317520980052e-05,0.09352734416530914,0.906411042659481
4564,Low,Low,True,5.65066546956274e-13,0.9985947632396716,0.0014052367597635722
3406,Medium,Medium,True,0.0014897889088728554,0.006323882857399177,0.9921863282337279
3579,Medium,Medium,True,0.0006065403914532711,0.011401103865722226,0.9879923557428244
1435,Medium,Medium,True,4.865567043137603e-06,0.3065264505567316,0.6934686838762252
5871,Medium,Medium,True,0.001271404774045007,0.010357617450673266,0.9883709777752817
4706,High,High,True,0.999258000082741,1.1590396267086127e-10,0.0007419998013550264
1243,Medium,Medium,True,1.1908270880837179e-05,0.180317893582246,0.8196701981468731
4579,Medium,Medium,True,0.00011209062570507543,0.07236465902535276,0.9275232503489422
2666,Low,Low,True,6.456473160005262e-07,0.553228230819703,0.4467711235329809
2821,Low,Low,True,2.8901818748554e-09,0.9417592625831719,0.05824073452664619
18,Medium,Medium,True,0.0020160185420630286,0.00850552485382634,0.9894784566041106
5054,Low,Low,True,3.534342904143205e-12,0.9966936974979198,0.0033063024985457655
5360,Medium,Medium,True,0.002574694839648796,0.003856631047156846,0.9935686741131944
3971,Medium,Medium,True,1.7775861340594556e-06,0.485554761935303,0.5144434604785629
5917,Medium,Medium,True,2.8039564513948862e-05,0.08951793309098897,0.9104540273444971
4063,Medium,Medium,True,0.32794359020024755,7.574569390070399e-05,0.6719806641058518
4804,Medium,Medium,True,0.003656179997371715,0.004036329654621099,0.9923074903480072
5738,Medium,Medium,True,0.049745237046356146,0.0003346125642292218,0.9499201503894146
4571,Low,Low,True,1.1755230775209938e-10,0.9809354777279058,0.019064522154541807
854,Low,Low,True,9.557011605536994e-12,0.9931390581438504,0.006860941846592609
4424,High,High,True,0.99999999766311,5.835199262508465e-20,2.336890017532085e-09
4146,Low,Low,True,2.3210326227765077e-19,0.9999961880527664,3.811947233769523e-06
2153,Medium,Medium,True,1.7813775654978504e-06,0.45012104457637553,0.549877174046059
2753,Medium,Medium,True,0.1683218272426772,0.00016942153237266616,0.8315087512249502
1844,Medium,Medium,True,0.0378711581164942,0.0008257846973692616,0.9613030571861365
3714,Low,Low,True,5.499253865732815e-12,0.9947085964103238,0.005291403584176891
4693,Medium,Medium,True,0.04355638593859078,0.0006055676613611001,0.9558380464000482
2759,High,High,True,0.7467899340865259,5.219113602274555e-06,0.25320484679987193
2137,Medium,Medium,True,0.0002787181034244138,0.023949513460013207,0.9757717684365623
4129,High,High,True,0.9986507076160849,4.5935843125934664e-10,0.0013492919245566607
4488,Medium,Medium,True,0.32571466194356496,6.034350548918309e-05,0.6742249945509459
4779,Low,Low,True,2.413654654204988e-07,0.5547821618528772,0.4452175967816574
339,Medium,Medium,True,0.004337891421781554,0.0021211050733361487,0.9935410035048824
6560,Medium,Medium,True,0.00032716574653114314,0.02847799832380179,0.9711948359296672
781,Low,Low,True,1.273499113616247e-08,0.8984014670432862,0.1015985202217227
4850,Medium,Medium,True,1.4211903568534759e-05,0.1418872095079962,0.8580985785884353
3454,Medium,Medium,True,1.0522229114345416e-05,0.14809042144847073,0.8518990563224149
87,High,High,True,0.538140651137289,3.462913059189428e-05,0.461824719732119
3793,High,High,True,0.9927959366087454,8.679063906191043e-09,0.007204054712190656
1085,Medium,Medium,True,5.789970860533769e-05,0.09386863923136171,0.906073461060033
4889,Medium,Medium,True,0.0006681129714475095,0.021158154031199153,0.9781737329973533
1603,High,High,True,0.9878067062749192,2.4049660553525375e-08,0.012193269675420296
3411,Medium,Medium,True,4.219548170831136e-06,0.3003513982840043,0.699644382167825
2046,Medium,Medium,True,0.0012808128969418857,0.011186620679299828,0.9875325664237584
1181,High,High,True,0.8006230573007963,3.788112921557467e-06,0.19937315458628221
5742,Medium,Medium,True,0.04671398399531101,0.0004331415930995862,0.9528528744115893
4083,Low,Low,True,2.5819052429598687e-16,0.9999308335398044,6.916646019551476e-05
803,Medium,Medium,True,2.040084011855569e-05,0.1724119422287063,0.8275676569311751
2025,Low,Low,True,8.01443487348144e-11,0.9854488037219232,0.014551196197932393
4125,Low,Low,True,1.0113141790710333e-09,0.9632622575709838,0.036737741417701836
5096,Medium,Medium,True,6.886843684577114e-05,0.04597504328551573,0.9539560882776386
2440,Medium,Medium,True,0.0010941651089802806,0.004438158545498691,0.9944676763455211
2165,High,High,True,0.9999998915294053,5.503617965336956e-17,1.0847059465457248e-07
3966,High,Medium,False,0.4602739531063303,4.088346176344346e-05,0.5396851634319062
665,Low,Low,True,2.6098126553370992e-11,0.9948306112439393,0.005169388729962539
1323,Medium,Medium,True,0.05376777172301474,0.0004876494372569011,0.9457445788397284
4797,Medium,Medium,True,0.0005510321167136976,0.014571283698570312,0.9848776841847159
1011,High,High,True,0.9909457201477646,1.2697498595257993e-08,0.009054267154736844
844,Medium,Medium,True,7.304474937612417e-05,0.05342280859955401,0.94650414665107
5120,Low,Low,True,1.4487253253518497e-14,0.9996833754765394,0.00031662452344616575
1519,Medium,Medium,True,1.801153622558076e-05,0.10870145595510163,0.8912805325086727
2904,Medium,Medium,True,0.015920746729107215,0.0015613681239903645,0.9825178851469025
3050,Medium,Medium,True,7.075280958802942e-05,0.04269336167222237,0.9572358855181896
1082,Low,Low,True,5.028528975497461e-19,0.999995511061711,4.488938289028351e-06
5520,High,High,True,0.999998407607942,5.8380627265702824e-15,1.5923920523319856e-06
816,Medium,Medium,True,1.8448239347569782e-06,0.3504565212140108,0.6495416339620546
3701,High,High,True,0.9999867825018137,1.2771399941606179e-13,1.321749805871902e-05
4846,Low,Low,True,5.208737710438443e-13,0.9987753540913226,0.001224645908156577
4885,Medium,Medium,True,1.162747744132769e-06,0.48890864740347756,0.5110901898487784
4395,High,High,True,0.9999960646194722,2.095375822394662e-14,3.935380506956448e-06
3520,High,High,True,0.9998014868170763,3.41797679195541e-11,0.00019851314874392095
2977,High,High,True,0.9275625389756736,6.156766368309357e-07,0.07243684534768942
6154,Low,Low,True,7.11962886387821e-11,0.9836159060588683,0.01638409386993564
3686,Medium,Medium,True,7.781210331074159e-06,0.26291440983319375,0.7370778089564752
6278,Medium,Medium,True,0.1567768054009294,0.0002779380447947999,0.8429452565542759
3920,Low,Low,True,2.1368434205519615e-11,0.9902063897067559,0.00979361027187547
1183,High,High,True,0.999953596914403,1.5559639732132483e-12,4.640308404098151e-05
5318,Low,Low,True,1.3110980082733184e-13,0.9991644472785368,0.0008355527213319406
2803,High,High,True,0.9999815643845466,4.551442414820595e-13,1.8435614998247514e-05
98,Medium,Medium,True,0.003367878885368487,0.002873012605688641,0.9937591085089428
70,Low,Low,True,4.2650041094107355e-10,0.9759581510715959,0.02404184850190371
3039,High,High,True,0.9955493448202812,3.210824099916334e-09,0.004450651968894478
3542,High,High,True,0.9999999995980215,2.2197719004935585e-21,4.0197834335039414e-10
5525,Low,Low,True,5.042120983576689e-10,0.9775868001612701,0.022413199334517648
5231,Low,Low,True,1.7767674086708472e-10,0.9862489501129152,0.013751049709408054
2779,Low,Low,True,3.828466942224073e-11,0.9908501116645289,0.009149888297186548
5168,High,High,True,0.992398534881706,1.3161850864216889e-08,0.0076014519564431395
4996,Low,Low,True,6.383087389556929e-13,0.9977170620573108,0.0022829379420509018
5461,Low,Low,True,9.495012710653278e-12,0.9951258698905194,0.0048741300999854634
3112,Medium,Medium,True,0.10725432558132496,0.00022239054595591477,0.8925232838727191
3327,High,High,True,0.9790406575700088,5.3675817997804e-08,0.02095928875417306
1138,Low,Low,True,1.9080195418711964e-13,0.9990923272168637,0.0009076727829456382
1628,Medium,Medium,True,0.004273896602903093,0.0026287215928140328,0.9930973818042829
755,Low,Low,True,1.5389686562128244e-12,0.9979310940805243,0.002068905917936922
2768,Low,Low,True,1.0182039597735523e-08,0.8574656865178605,0.14253430330009997
5098,Low,Low,True,1.453723191758895e-09,0.9538014604362149,0.04619853811006177
2448,Medium,Medium,True,6.711115609940952e-05,0.05584369368386199,0.9440891951600386
3733,Medium,Medium,True,0.026561883716117972,0.0005390423972270726,0.9728990738866551
1272,High,High,True,0.6228116564437207,1.5258256135812525e-05,0.37717308530014343
3319,Low,Low,True,3.046908512828389e-13,0.9986337634341547,0.0013662365655406027
3111,Medium,Medium,True,0.003943617716324273,0.0035579089359958327,0.9924984733476799
2308,Low,Low,True,6.108312556679336e-09,0.9162331597231952,0.08376683416849237
1848,High,Medium,False,0.37328512490862314,4.918854015043106e-05,0.6266656865512263
1970,Medium,Medium,True,0.3111577326827047,6.647158206560399e-05,0.6887757957352296
6369,Medium,Medium,True,0.011719631727632638,0.0020465235587428807,0.9862338447136244
6326,Low,Low,True,1.603018446045722e-15,0.9998847083142786,0.00011529168571984109
338,Low,Low,True,3.3074408255693183e-12,0.9963675944621398,0.0036324055345527168
6107,Medium,Medium,True,0.008570026520638452,0.0034043288006610395,0.9880256446787005
529,Low,Medium,False,0.0005805521019481066,0.018314402248484823,0.981105045649567
5698,Low,Low,True,5.478890446377371e-09,0.9163818391303447,0.08361815539076493
6191,High,High,True,0.5744236283596347,2.239034330105647e-05,0.4255539812970642
6272,Low,Low,True,3.927513732160241e-09,0.9322893566428603,0.06771063942962602
4080,Low,Low,True,4.650642701128884e-09,0.9049071289682589,0.09509286638109847
2643,Medium,Low,False,1.1410895279012714e-06,0.5201515947318684,0.4798472641786037
1441,Low,Low,True,2.2430150566791173e-15,0.9998706814472056,0.00012931855279221536
6481,Medium,Medium,True,0.03920011374175057,0.00070089529059435,0.960098990967655
6495,Low,Low,True,2.1631990186897534e-07,0.6169971600127719,0.3830026236673262
5323,Medium,Medium,True,0.00024139813352630192,0.010687151076848285,0.9890714507896254
1265,Medium,Medium,True,0.046823635956283235,0.00043498164777871145,0.952741382395938
1398,Low,Low,True,5.032113918661656e-14,0.9993275477555064,0.00067245224444324
117,Medium,Medium,True,0.03284373587556143,0.0013031036001460953,0.9658531605242925
5087,Medium,Medium,True,0.010360599204947285,0.0015246103261995507,0.9881147904688531
5705,Low,Low,True,4.018306638687571e-07,0.5905738462216125,0.40942575194772357
4338,Medium,Medium,True,0.3032905561570326,7.187886998543035e-05,0.6966375649729819
4463,Medium,Medium,True,0.010643577260995575,0.0017679624447860338,0.9875884602942184
104,High,High,True,0.9926578511460886,7.561705673694529e-09,0.007342141292205895
1297,Medium,Medium,True,0.00021445820824154564,0.019399997535522885,0.9803855442562357
954,High,High,True,0.9988158959986243,4.575160694529129e-10,0.0011841035438595725
856,High,Medium,False,0.3105069984380394,5.048627349548972e-05,0.689442515288465
3754,Medium,Medium,True,0.3799596680577603,8.72942563250573e-05,0.6199530376859146
1894,High,High,True,0.999079884327695,2.4813815782100377e-10,0.0009201154241668337
2664,High,High,True,0.9966349544573425,2.600862101298737e-09,0.0033650429417954567
92,Low,Low,True,1.4549869124204694e-11,0.9944394890245601,0.005560510960890048
5616,Low,Low,True,4.979472248814191e-13,0.9982004163329632,0.0017995836665388185
1770,Low,Low,True,5.333228843803064e-11,0.9858740828681595,0.014125917078508163
1875,Medium,Medium,True,6.06733865714114e-05,0.1041922730734986,0.89574705353993
3903,Low,Low,True,8.172917809697805e-11,0.9852194104002052,0.014780589518065679
4472,Medium,Medium,True,1.724218693867403e-06,0.48426328728910784,0.5157349884921982
3156,Low,Low,True,3.096051931671737e-08,0.8484432982986331,0.15155667074084758
5029,Medium,Medium,True,3.5058410368359196e-05,0.10761756227260377,0.8923473793170278
874,Medium,Medium,True,2.4181411333407152e-05,0.16266589387439662,0.8373099247142699
4735,High,High,True,0.9877204607048199,5.609518692596663e-08,0.012279483199993101
797,Medium,Medium,True,0.013950683743969853,0.0009063832081937122,0.9851429330478364
22,Medium,Medium,True,0.02898579115744618,0.0011088076094039005,0.9699054012331499
1926,Medium,Medium,True,0.03322201547257128,0.00033032992336811523,0.9664476546040607
6002,Medium,Medium,True,2.2369306652186098e-06,0.46261233179079364,0.5373854312785412
3922,High,High,True,0.9663125069227454,1.6535195302027588e-07,0.03368732772530157
713,Low,Low,True,3.4563243809381474e-10,0.9740208539505808,0.02597914570378665
2701,Medium,Medium,True,0.001192702806645207,0.012262943779337511,0.9865443534140171
656,Medium,Medium,True,9.913294714184006e-06,0.19702944927087435,0.8029606374344115
3486,Medium,Medium,True,0.00041779209861441026,0.014525304328904953,0.9850569035724805
5711,Medium,Medium,True,0.028250654112503583,0.000695939772710235,0.9710534061147861
113,Low,Low,True,1.4433249958513715e-31,0.999999999982955,1.704493414331715e-11
2997,Low,Low,True,8.696843733313772e-15,0.9997500991823709,0.00024990081762052673
6391,Low,Low,True,1.3862122530601432e-07,0.7707400066669124,0.22925985471186225
4615,Low,Low,True,5.197828406669688e-18,0.9999888122682412,1.1187731758760474e-05
5523,Medium,Medium,True,0.012951307957046814,0.0015866414444274438,0.9854620505985258
1220,Medium,Medium,True,0.000969586450820669,0.01556325821844118,0.9834671553307381
6423,Medium,Medium,True,1.3908940831323852e-06,0.3814443182416502,0.6185542908642666
5179,Medium,Medium,True,0.007445110320614311,0.0026673963707993264,0.9898874933085865
1515,Medium,Medium,True,0.00012213499299092615,0.059859119004137484,0.9400187460028715
1221,Medium,Medium,True,2.8096336635468504e-05,0.11643707593385873,0.8835348277295059
5587,High,High,True,0.9390779326610492,2.2994320813405418e-07,0.060921837395742695
6280,Low,Low,True,3.336851719128717e-07,0.7032646444848549,0.29673502182997313
5988,Low,Medium,False,0.28408278767978906,8.223687057948521e-05,0.7158349754496314
1363,Medium,Medium,True,0.00011689550762329305,0.04349887862669658,0.9563842258656802
5491,Medium,Medium,True,8.484886784304688e-06,0.20095221302018418,0.7990393020930314
1164,Low,Low,True,1.868832629980552e-15,0.9998404471832719,0.00015955281672629237
5863,Medium,Medium,True,0.009783154547916543,0.0030774823791173164,0.9871393630729661
895,Low,Low,True,1.8592654545799426e-14,0.9996735684982277,0.0003264315017536802
4060,Low,Low,True,4.514559111343342e-15,0.9997496651190138,0.00025033488098195216
2648,Low,Low,True,1.9052159785655363e-07,0.723773323692818,0.2762264857855842
2674,High,High,True,0.9999752941252837,6.425224125207792e-13,2.4705874073705337e-05
553,Low,Low,True,3.502033994362123e-16,0.9999443721191849,5.562788081465942e-05
2726,Low,Low,True,8.318332459765632e-17,0.9999647180549438,3.5281945056177415e-05
1069,Medium,Medium,True,0.09053099532904962,0.00016959767151465967,0.9092994069994358
5552,High,High,True,0.6149569503245141,1.3286023546110904e-05,0.3850297636519398
2578,Medium,Medium,True,0.0024559302949169488,0.006630215535172109,0.990913854169911
3570,Low,Low,True,2.039889368611545e-12,0.99703086868059,0.002969131317370217
3055,Low,Low,True,1.4389059696866249e-09,0.9573541385218981,0.04264586003919597
5927,Low,Low,True,5.975499022093089e-20,0.9999978848728954,2.115127104488067e-06
6358,Low,Low,True,2.2504967172911956e-11,0.9921389380901665,0.007861061887328746
3349,Medium,Medium,True,0.005725785100134863,0.0038294328120198236,0.9904447820878453
907,Low,Low,True,1.5941980886305846e-11,0.9954348336229051,0.004565166361152841
2461,Medium,Medium,True,5.114697923977755e-06,0.41471352176886644,0.5852813635332096
6166,Medium,Medium,True,0.00027252040617621836,0.023515638826316344,0.9762118407675074
5322,High,High,True,0.9363371658050289,5.402781317623089e-07,0.06366229391683931
552,Low,Low,True,5.224077317370901e-17,0.9999640046056992,3.5995394300860324e-05
1554,Medium,Medium,True,4.249001145217807e-06,0.2560690517083938,0.7439266992904611
5385,Low,Low,True,2.2216051648110658e-09,0.9292680989242382,0.07073189885415647
6419,High,High,True,0.9729116304455869,7.698060404665549e-08,0.027088292573809035
4283,Medium,Medium,True,0.0257559561708262,0.0005803489278067007,0.9736636949013672
1675,Low,Low,True,6.030517843315944e-11,0.9849197070223298,0.015080292917364865
2186,Low,Low,True,9.887463261410567e-09,0.888799405368737,0.11120058474379979
538,High,High,True,0.6319853566360618,1.610868144365849e-05,0.3679985346824946
786,Medium,Medium,True,0.0009673867884082409,0.005821881198500404,0.9932107320130914
5790,High,High,True,0.9995011974586698,9.2355458368739e-11,0.0004988024489746604
3973,Medium,Medium,True,0.004374140819274028,0.003052125084496809,0.9925737340962291
3169,Medium,Medium,True,1.926906949255749e-06,0.39664728282087136,0.6033507902721793
3420,Low,Low,True,3.9928686593266467e-10,0.9844698901657389,0.015530109434974274
1542,High,High,True,0.9643834535248091,2.282279806297468e-07,0.0356163182472102
550,Medium,Medium,True,0.13051566314526292,0.00017631233155562104,0.8693080245231815
212,Low,Low,True,6.226794508749514e-20,0.9999987075169005,1.2924830996618109e-06
5745,High,High,True,0.8251544370029009,4.922010620648317e-06,0.17484064098647847
3664,Low,Low,True,3.215509248790798e-10,0.9729565805359595,0.02704341914248971
4412,High,High,True,0.999999907600334,3.343921877840815e-17,9.239966610042556e-08
1937,Low,Low,True,1.6825095184513188e-08,0.8540846595647253,0.14591532361017953
5996,Medium,Medium,True,0.06787670085789535,0.00036017687185330817,0.9317631222702514
2724,Low,Low,True,1.8935876976695085e-08,0.8923902618760838,0.1076097191880391
3273,High,Medium,False,0.3918394076420384,0.00010977630994112837,0.6080508160480206
685,Low,Low,True,9.204301372164191e-16,0.9999085055585907,9.149444140832919e-05
3297,Medium,Medium,True,0.06849140810390614,0.00039068190464987957,0.931117909991444
6306,Medium,Medium,True,2.0836776712206808e-05,0.14364732458519014,0.8563318386380976
2155,Low,Low,True,3.000447108126267e-15,0.9998651025427783,0.00013489745721847733
6176,Medium,Medium,True,2.6958229468035023e-05,0.18157621012936545,0.8183968316411665
6500,High,High,True,0.9569683487953152,2.898972077275496e-07,0.04303136130747689
6442,Low,Medium,False,1.3014415833300808e-06,0.4960916060242297,0.503907092534187
4602,Low,Low,True,1.3031262054006655e-07,0.6773281959512444,0.3226716737361351
757,Medium,Medium,True,0.002161851445073929,0.008405779806748786,0.9894323687481773
4927,Low,Low,True,2.0488033346450831e-10,0.9832451772566019,0.016754822538517733
49,High,High,True,0.99681490365156,3.072516975992888e-09,0.0031850932759229598
894,Low,Low,True,1.7147144938778806e-22,0.9999998552744956,1.4472550430381414e-07
5642,Medium,Medium,True,0.0021508089113123343,0.004628045582226722,0.9932211455064609
2129,Low,Low,True,2.450387919474727e-09,0.9272225482950316,0.07277744925458032
2749,Low,Low,True,2.3519290245789997e-16,0.9999455507580178,5.4449241981936855e-05
2221,Medium,Medium,True,0.17236480881200275,0.00023336819046881072,0.8274018229975285
6363,Low,Low,True,4.9427088380955594e-08,0.864108966888896,0.1358909836840155
1765,Low,Low,True,9.076157601203166e-12,0.9941491430882347,0.005850856902689203
3527,High,High,True,0.9998179433496955,2.2663818865300507e-11,0.0001820566276406599
964,High,High,True,0.8679401590802283,1.5000230674330976e-06,0.13205834089670412
5266,Medium,Medium,True,0.0009512292120550022,0.010619096604376491,0.9884296741835685
2576,Low,Low,True,9.626119731254008e-09,0.9254689443560074,0.07453104601787275
5774,High,High,True,0.8988977415923791,1.5864305844886749e-06,0.10110067197703652
997,Medium,Medium,True,0.00011336185966054277,0.03766808339386186,0.9622185547464776
4269,Medium,Medium,True,0.09395273274306265,0.0002981735164702067,0.9057490937404671
2211,Low,Low,True,3.1902974518516563e-07,0.6390666452951028,0.36093303567515206
2814,Low,Low,True,3.800047271669932e-11,0.9906497781503607,0.009350221811638894
1137,High,High,True,0.9999973706446479,1.146128108898807e-14,2.629355340609238e-06
1754,Low,Low,True,5.558031810134956e-16,0.9998890330914522,0.00011096690854726491
2783,Low,Low,True,4.877924143136059e-10,0.9676038098500492,0.032396189662158285
2445,Medium,Medium,True,0.00017062006259414324,0.04030229698899449,0.9595270829484113
2820,Low,Low,True,6.852428312834931e-14,0.9993458118602563,0.0006541881396751513
5791,Low,Low,True,1.5975177630177087e-08,0.9227891501206698,0.07721083390415259
1800,Medium,Medium,True,5.308182458577872e-06,0.21492744200596084,0.7850672498115806
976,High,High,True,0.9896095021544412,4.008923785793365e-08,0.010390457756320933
911,Medium,Medium,True,1.6805302530011397e-05,0.13177462596696418,0.8682085687305058
5430,High,High,True,0.6640762676133759,1.0122429938106659e-05,0.335913609956686
6586,Medium,Medium,True,0.0002721190946229413,0.02451550051205964,0.9752123803933175
6309,Low,Low,True,1.6094875544757354e-08,0.884057794265434,0.1159421896396906
6594,Low,Low,True,7.749864374233293e-13,0.998533611657708,0.0014663883415170886
3654,Medium,Medium,True,0.4641048223938271,2.5626137590693008e-05,0.5358695514685822
1808,Medium,Medium,True,4.221557261144455e-05,0.07875012093460401,0.9212076634927846
3680,Medium,Medium,True,0.0065495935961032295,0.0015363563016363077,0.9919140501022605
6600,Medium,Medium,True,0.49680609789341784,2.5790928590614215e-05,0.5031681111779915
4614,Medium,Medium,True,0.005524434012209514,0.003313779704728321,0.9911617862830622
1622,Medium,Medium,True,0.005174727491245576,0.002738579746121698,0.9920866927626327
2653,Medium,Medium,True,0.032316320186154594,0.0005026013715055427,0.9671810784423398
257,Medium,Medium,True,0.2603263015481195,6.500335851383232e-05,0.7396086950933667
1935,Medium,Medium,True,0.0009093685225783998,0.011696734085216385,0.9873938973922053
1504,Medium,Medium,True,3.462986366547428e-06,0.3172481214393715,0.6827484155742619
681,High,High,True,0.5245279351467159,2.6860876454410825e-05,0.4754452039768296
5644,Medium,Medium,True,0.0001213269427739336,0.04300534492150135,0.9568733281357248
663,Medium,Medium,True,0.008189046440221545,0.0021260172410042075,0.9896849363187743
439,Medium,Medium,True,0.3503638031533156,4.822557144117142e-05,0.6495879712752433
3068,Low,Low,True,1.3351480118673751e-12,0.9970739208281378,0.002926079170526977
4115,Medium,Medium,True,5.293931948312894e-06,0.3049890068415004,0.6950056992265512
5821,High,High,True,0.9999978912232744,7.155081921508341e-15,2.108776718430078e-06
3262,High,High,True,0.9999746607768066,4.1035837601322224e-13,2.5339222782964462e-05
583,Medium,Medium,True,0.00012385810192173604,0.02919350885605855,0.9706826330420196
2623,Low,Low,True,1.7473201846056624e-10,0.9807840709698846,0.019215928855383358
3980,Low,Low,True,1.200514692741118e-07,0.7700514923749586,0.22994838757357206
679,Low,Low,True,2.9364714180047655e-09,0.9340132157094307,0.06598678135409797
5800,High,High,True,0.9999115312904948,5.283485142009741e-12,8.846870422172231e-05
6255,Low,Low,True,7.719632328856264e-16,0.9999018039688284,9.819603117084057e-05
1334,Medium,Medium,True,0.027683974053761575,0.0005694252092068558,0.9717466007370317
754,High,High,True,0.9914303913764579,1.1792055666228725e-08,0.008569596831486228
598,Low,Low,True,3.146074768398372e-07,0.6501038708036906,0.34989581458883257
6094,Medium,Medium,True,0.06907698912072285,0.0002842684058210181,0.930638742473456
4310,Medium,Medium,True,0.17709666487300746,9.859064154404665e-05,0.8228047444854485
6206,Low,Low,True,4.133821980085881e-09,0.9312116799092263,0.06878831595695176
2991,Low,Low,True,2.0490887339538042e-08,0.8586864303598233,0.14131354914928929
5641,Medium,Medium,True,0.0017789984199253486,0.00338604095192926,0.9948349606281455
5929,High,High,True,0.9999674329624484,1.138877534075106e-12,3.256703641282723e-05
115,Low,Low,True,1.6788421045712372e-17,0.9999820852416629,1.791475833715218e-05
88,Low,Low,True,4.432543775991936e-13,0.9985757981218736,0.001424201877683118
920,Medium,Medium,True,0.004424648343557845,0.0038391003215083558,0.9917362513349339
4903,High,High,True,0.9116923050989573,1.1519303933295491e-06,0.0883065429706494
3978,Medium,Medium,True,0.000447982826427518,0.019571451635853214,0.9799805655377193
262,High,High,True,0.9999753947419999,6.116314591917431e-13,2.4605257388270415e-05
4552,Medium,Medium,True,0.010955670617385957,0.0016233201389829449,0.9874210092436312
3459,Low,Low,True,1.772862540755106e-10,0.9804870159826927,0.019512983840021085
3109,Medium,Medium,True,0.14268498820628747,0.00013249550135050522,0.8571825162923621
6414,Medium,Medium,True,0.011960034949354865,0.0021334963942061347,0.985906468656439
226,Medium,Medium,True,6.205045242605878e-05,0.09036459479422476,0.9095733547533492
4596,High,High,True,0.9929321166378087,8.539232419693902e-09,0.007067874822958869
6168,High,Medium,False,0.3668277616877032,2.993218772823389e-05,0.6331423061245686
5069,Low,Low,True,4.6042421760255747e-07,0.5660772913135912,0.43392224826219133
47,High,High,True,0.9392053666859471,3.99732159333873e-07,0.0607942335818935
5713,Medium,Medium,True,1.5513249720400539e-06,0.47045866795714,0.529539780717888
6155,High,High,True,0.8980640363041851,9.70292391803014e-07,0.10193499340342317
5123,Medium,Medium,True,0.08219549908041571,0.00026787694428863335,0.9175366239752957
224,Medium,Medium,True,0.005592257213796917,0.0024522531446734487,0.9919554896415297
5835,High,Medium,False,0.4786625529442156,3.069856249570654e-05,0.5213067484932886
2132,Medium,Medium,True,2.995767336471038e-05,0.1412157481392146,0.8587542941874207
4901,Medium,Medium,True,0.016396642779252343,0.0010496898018097457,0.9825536674189378
6014,Medium,Medium,True,0.08154441113822009,0.0002305176114977267,0.9182250712502823
5349,Low,Low,True,8.744048873218363e-09,0.9070756741982615,0.09292431705768962
5860,Low,Low,True,1.2243226494032628e-12,0.9985641194238176,0.001435880574958025
3472,Medium,Medium,True,1.2480757615521843e-05,0.2763371712894168,0.7236503479529677
2178,Medium,Medium,True,5.2894151817277566e-05,0.06891295770301951,0.9310341481451632
1700,Medium,Medium,True,0.0037442937186917867,0.003303294655421095,0.9929524116258871
3837,Medium,Medium,True,3.988087825703181e-05,0.105862056058402,0.894098063063341
3761,High,High,True,0.9998621300579246,1.2619701271022023e-11,0.0001378699294558169
1061,High,High,True,0.999820815971309,2.0320627104875355e-11,0.00017918400837031487
2453,Medium,Medium,True,2.0117446819124907e-06,0.3737476005368922,0.6262503877184258
3204,Medium,Medium,True,0.003072701825708145,0.0032233728376091213,0.9937039253366827
4539,High,High,True,0.9628747255568506,2.1597417770766657e-07,0.037125058468971704
71,Low,Low,True,7.808132847769046e-13,0.998196255935353,0.0018037440638662674
4101,Low,Low,True,1.59937731676367e-07,0.7496650364840293,0.25033480357823895
6505,Low,Low,True,2.852667826722254e-14,0.9993546071610895,0.0006453928388818701
3646,Low,Low,True,1.279771114075667e-09,0.9666012998475773,0.033398698872651615
5672,Low,Low,True,5.094777957504704e-18,0.9999887267911137,1.1273208886264384e-05
6317,Medium,Medium,True,0.003928357163161449,0.002770242503585516,0.993301400333253
2085,Medium,Medium,True,0.13612794736226033,0.00015551509090013077,0.8637165375468396
4194,High,High,True,0.9999632426144492,9.63106571981538e-13,3.675738458748541e-05
3924,Medium,Medium,True,0.001701440913378332,0.007501442514942387,0.9907971165716793
468,Medium,Medium,True,0.0002124546330290053,0.03919900916664888,0.9605885362003221
6480,High,High,True,0.9999944900769423,6.439176741597675e-14,5.509922993344351e-06
615,High,High,True,0.9967917379860299,1.6797540520226605e-09,0.0032082603342160395
4737,High,High,True,0.9984290942302119,9.964599795320887e-10,0.0015709047733280844
4586,Medium,Medium,True,0.22454627664961416,0.00013937498050005707,0.7753143483698859
3896,Medium,Medium,True,0.0022517603611944452,0.003969443793441967,0.9937787958453635
4092,High,High,True,0.9782014664178185,7.758763190328878e-08,0.02179845599454948
2251,High,High,True,0.9904289665798134,2.5668719528997516e-08,0.009571007751467126
1339,High,High,True,0.9355645375703168,6.581570614097248e-07,0.06443480427262172
3287,Medium,Medium,True,7.79319208152136e-06,0.2818298482634094,0.7181623585445092
4072,Low,Low,True,1.836245598972392e-12,0.9974239516506154,0.002576048347548465
3149,Low,Low,True,8.091399932234949e-11,0.9881387936353144,0.011861206283771542
890,Low,Low,True,3.4977182722876606e-12,0.9972818277905435,0.0027181722059588637
2973,Medium,High,False,0.6646235838567174,2.1889879650661655e-05,0.335354526263632
5799,Medium,Medium,True,0.00013550934063345132,0.02442122406623718,0.9754432665931294
426,Medium,Medium,True,0.17928041249962395,0.00016678958994837366,0.8205527979104276
328,Low,Low,True,3.0057646112397436e-20,0.9999987311287395,1.2688712604778513e-06
2305,Low,Low,True,3.010617195680378e-16,0.9999314943913036,6.850560869609224e-05
5213,High,High,True,0.9963597529661775,2.7056522030073648e-09,0.0036402443281702505
35,High,High,True,0.9999843541309572,3.4757721283233296e-13,1.564586869526061e-05
4640,Medium,Medium,True,4.3579541154818626e-05,0.0841437399819082,0.9158126804769369
1291,Medium,Medium,True,2.3630945516932228e-05,0.10685561665824016,0.8931207523962429
6385,Medium,Medium,True,1.5945237679148693e-06,0.3746449680730843,0.6253534374031477
4415,High,High,True,0.9188501356042659,8.984833049335698e-07,0.08114896591242916
6300,High,High,True,0.9766450991196861,8.970160775037374e-08,0.023354811178706122
1794,Low,Low,True,7.809799686449993e-08,0.7591198649487527,0.24088005695325038
2345,Low,Low,True,2.009518592402778e-12,0.996912942522964,0.0030870574750265596
2618,Medium,Medium,True,1.7336674319374486e-06,0.37532174426264925,0.6246765220699187
4980,Medium,Medium,True,4.4157662516269483e-05,0.0730175814554072,0.9269382608820765
5797,Medium,Medium,True,0.04288991921809257,0.0006197384666215949,0.9564903423152858
6071,Medium,Medium,True,0.0289567699532818,0.0007649944204189134,0.9702782356262993
1583,Low,Low,True,1.3673745074055808e-10,0.9816043018377851,0.018395698025477417
293,Low,Low,True,4.8921257764536906e-09,0.938475525108182,0.0615244699996921
1606,Low,Low,True,5.64254971675595e-17,0.9999639248533188,3.607514668133608e-05
5699,Low,Low,True,2.980741937133904e-15,0.9998464637677076,0.0001535362322896643
4099,Low,Low,True,8.17418564412135e-11,0.9826401022455332,0.017359897672725035
6274,Medium,Low,False,4.5578424380055986e-07,0.5847807506687582,0.415218793546998
1485,Medium,Medium,True,5.797468590144004e-06,0.20709651004466229,0.7928976924867477
4642,Medium,Medium,True,0.0001594452589879057,0.02259476490706229,0.9772457898339498
386,Low,Low,True,5.696170577678494e-10,0.9650757097035829,0.034924289726799895
6239,Low,Low,True,3.063307141823386e-11,0.9931642177259382,0.006835782243428547
5934,Low,Low,True,2.981169866200691e-09,0.9402590498721786,0.05974094714665151
586,Medium,Medium,True,0.0008320555723506501,0.00877543985468907,0.9903925045729602
5183,Low,Low,True,5.520987173785679e-08,0.8376790176981482,0.16232092709197993
2446,Low,Low,True,2.2138485338630755e-13,0.9988619434902283,0.0011380565095504063
321,Medium,Medium,True,1.763537113582914e-06,0.34577547291130484,0.6542227635515816
6047,Medium,Medium,True,1.8531953047545324e-05,0.17332272354578188,0.8266587445011706
432,Medium,Medium,True,0.004679165889992917,0.002943313276410455,0.9923775208335966
4536,Medium,Medium,True,0.002957695535152948,0.004559177758446326,0.9924831267064007
2481,Low,Low,True,2.2664462159829003e-14,0.9995994691389763,0.00040053086100097225
1828,High,High,True,0.9999882333207395,1.8619916846562226e-13,1.1766679074165156e-05
5194,High,High,True,0.9981940018494502,1.072618132640496e-09,0.0018059970779315674
2949,Low,Low,True,9.160921280227144e-08,0.7944934896144521,0.205506418776335
4348,Medium,Low,False,1.261095718009855e-06,0.5157927975877881,0.48420594131649397
2652,Low,Low,True,3.897828149156822e-12,0.9969342816510899,0.003065718345012405
4404,Low,Low,True,6.704020870534714e-21,0.9999991002120048,8.997879951361991e-07
2862,Low,Low,True,8.939619571180895e-11,0.9833938848473804,0.01660611506322347
5600,Medium,Medium,True,0.04057945894231094,0.0005804396200444869,0.9588401014376445
5067,Low,Low,True,3.486276279163166e-10,0.9741755163269226,0.025824483324449605
2176,High,High,True,0.6265118672082879,2.0114087945527608e-05,0.37346801870376656
3415,Low,Low,True,7.607203523043826e-07,0.5872816482593627,0.41271759102028505
2583,Low,Low,True,2.1803647166023384e-14,0.9994895907999501,0.0005104092000282005
1144,Medium,Medium,True,0.0030440924839435996,0.005111555760283875,0.9918443517557726
1747,Medium,Medium,True,0.00965845502296444,0.0023680251537923133,0.9879735198232433
4057,Medium,Low,False,1.1523161430974136e-06,0.5213671502990745,0.47863169738478234
2878,Medium,Medium,True,6.939037696046503e-07,0.4386538076694072,0.5613454984268231
1484,Medium,Medium,True,0.18621696178464348,0.00014095295070959564,0.8136420852646469
2853,Low,Low,True,2.4513777202218723e-10,0.976423617292384,0.023576382462478236
1413,Low,Low,True,3.615103297215579e-12,0.9971097790251952,0.002890220971189917
3014,Medium,Medium,True,7.229385662173503e-05,0.07430121683499076,0.9256264893083875
3272,Low,Low,True,5.144254294972756e-13,0.9983669534570296,0.0016330465424557379
4067,Medium,Medium,True,0.04892583260742859,0.0007515169505429956,0.9503226504420285
